unixtime,IND1,MOD6,RES6
1488326400,1.0,1158.0060414393286,0.0
1488327000,1.0,1702.7708340742608,0.0
1488327600,1.0,676.2932775501615,0.0
1488328200,1.0,1316.662955694823,0.0
1488328800,1.0,814.2534723202182,0.0
1488329400,1.0,870.6137877460081,0.0
1488330000,1.0,1132.7099402080655,0.0
1488330600,1.0,1316.8156218626164,59.30312087552789
1488331200,1.0,1243.9364236607366,0.0
1488331800,1.0,1245.4492841749386,0.0
1488332400,1.0,1128.4868243800324,0.0
1488333000,1.0,791.9566860278842,0.0
1488333600,1.0,1385.4240960923078,0.0
1488334200,1.0,1055.0012200638298,0.0
1488334800,1.0,888.8086668009688,0.0
1488335400,1.0,1029.5650340165487,0.0
1488336000,1.0,897.3554683823213,0.0
1488336600,1.0,683.2142043800717,0.0
1488337200,1.0,736.6340245594455,0.0
1488337800,1.0,682.9561419620197,0.0
1488338400,1.0,481.0554559383187,0.0
1488339000,1.0,468.89822033809037,0.0
1488339600,1.0,293.4118764896519,0.0
1488340200,1.0,135.45213386133344,0.0
1488340800,1.0,224.53679269842263,0.0
1488341400,1.0,588.8318328465676,0.0
1488342000,1.0,398.8986381539562,0.0
1488342600,1.0,540.4427694431364,0.0
1488343200,1.0,489.359633352576,0.0
1488343800,1.0,1112.2290683687684,0.0
1488344400,1.0,692.453916984471,0.0
1488345000,1.0,877.0202721435696,0.0
1488345600,1.0,646.5870871786731,0.0
1488346200,1.0,584.159601708892,0.0
1488346800,1.0,220.4506256263323,0.0
1488347400,1.0,431.3502134108247,0.0
1488348000,1.0,187.9300023327513,0.0
1488348600,1.0,368.8776107328234,0.0
1488349200,1.0,291.655795298778,0.0
1488349800,1.0,255.60791720064785,0.0
1488350400,1.0,160.71625081354878,0.0
1488351000,1.0,157.05792079986142,0.0
1488351600,,,
1488352200,1.0,129.78990438101619,0.0
1488352800,1.0,204.3498475151597,0.0
1488353400,1.0,317.6133378586851,0.0
1488354000,1.0,171.6603979709729,0.0
1488354600,1.0,220.87550785352497,0.0
1488355200,1.0,379.881707102496,0.0
1488355800,1.0,868.5830927254387,0.0
1488356400,1.0,778.0324464718025,0.0
1488357000,1.0,417.9215546074382,0.0
1488357600,1.0,299.2347518475188,0.0
1488358200,1.0,279.3694767513111,0.0
1488358800,1.0,411.1271712380416,0.0
1488359400,1.0,224.66105326773732,0.0
1488360000,1.0,184.6019297722949,0.0
1488360600,1.0,183.55574759391868,0.0
1488361200,1.0,416.0813015202141,0.0
1488361800,1.0,516.5823708672243,0.0
1488362400,1.0,304.9243238063987,0.0
1488363000,1.0,467.34240167179473,0.0
1488363600,1.0,268.3995191157107,0.0
1488364200,1.0,271.5443120003892,0.0
1488364800,1.0,304.6336435324078,0.0
1488365400,1.0,511.9655436461025,0.0
1488366000,1.0,803.3290110560033,0.0
1488366600,1.0,687.0537518125749,0.0
1488367200,1.0,721.8383978123088,0.0
1488367800,1.0,297.6650534337614,0.0
1488368400,1.0,182.7923492200369,0.0
1488369000,1.0,524.4455733361757,0.0
1488369600,1.0,525.3567973484902,0.0
1488370200,1.0,717.9840116735535,0.0
1488370800,1.0,542.0800404917717,0.0
1488371400,1.0,830.8252299593387,0.0
1488372000,1.0,1183.6974165352885,0.0
1488372600,1.0,454.81869575603895,0.0
1488373200,1.0,1016.3776490609,0.0
1488373800,1.0,931.792056597764,0.0
1488374400,1.0,1007.7255339067964,4.239941081833745
1488375000,1.0,534.9673993087923,0.0
1488375600,1.0,548.2758188802952,0.0
1488376200,1.0,294.2168438977397,0.0
1488376800,1.0,1652.7416871772061,0.0
1488377400,1.0,1919.0717697479945,0.0
1488378000,1.0,1336.3967562670234,60.25204548266823
1488378600,,,
1488379200,1.0,1393.5615713629193,0.0
1488379800,1.0,1809.5575524609146,0.0
1488380400,1.0,1134.2868679708654,0.0
1488381000,1.0,1004.570088711598,46.2841108503476
1488381600,1.0,825.0935797096097,0.0
1488382200,1.0,1572.8667769494657,0.0
1488382800,1.0,1146.8973031524233,0.0
1488383400,1.0,1770.2917739592515,0.0
1488384000,1.0,1778.5159668683589,0.0
1488384600,1.0,1255.1301349601101,0.0
1488385200,1.0,1586.465416751617,0.0
1488385800,1.0,1509.12484766987,13.815139880520285
1488386400,1.0,1154.3369496670543,0.0
1488387000,1.0,1144.7005218404934,0.0
1488387600,1.0,1737.0712194757016,0.0
1488388200,1.0,1063.08579708541,0.0
1488388800,1.0,1099.9672416122132,0.0
1488389400,1.0,981.503326267115,0.0
1488390000,1.0,734.1322765970804,0.0
1488390600,1.0,935.0308354069883,0.0
1488391200,1.0,747.3915636293799,0.0
1488391800,1.0,508.7403015267614,0.0
1488392400,1.0,839.6301703137527,0.0
1488393000,1.0,954.4577575733693,0.0
1488393600,1.0,807.298512967509,0.0
1488394200,1.0,708.1678727928813,0.0
1488394800,1.0,643.7266393953406,0.0
1488395400,1.0,725.4082278817928,0.0
1488396000,1.0,800.7662889604262,0.0
1488396600,1.0,1142.0819677071815,0.0
1488397200,1.0,1550.6461741736791,0.0
1488397800,1.0,1379.2825105685265,0.0
1488398400,1.0,987.0177417333799,0.0
1488399000,1.0,1198.1508516898896,0.0
1488399600,1.0,1592.6171466213086,0.0
1488400200,1.0,1708.335765736171,0.0
1488400800,1.0,1392.5543252356092,0.0
1488401400,1.0,1216.5038894298075,0.0
1488402000,1.0,717.717726280043,0.0
1488402600,1.0,1255.6217265638893,0.0
1488403200,1.0,1250.9568178996708,0.0
1488403800,1.0,1257.3995385352769,0.0
1488404400,1.0,1176.736808829437,0.0
1488405000,1.0,1201.1035975483842,0.0
1488405600,1.0,1282.7943199408494,0.0
1488406200,1.0,1395.8932532868353,0.0
1488406800,1.0,1374.4886192189733,0.0
1488407400,1.0,1380.0589703467651,0.0
1488408000,1.0,1352.863837175585,0.0
1488408600,1.0,1237.3473840374975,0.0
1488409200,1.0,1273.7203119235005,0.0
1488409800,1.0,1338.7586349432988,0.0
1488410400,1.0,1052.9302967833294,0.0
1488411000,1.0,1097.0932151713118,0.0
1488411600,1.0,1151.2412018945622,0.0
1488412200,1.0,954.5575958935952,0.0
1488412800,1.0,942.5081132760904,0.0
1488413400,1.0,1113.8995692168157,0.0
1488414000,1.0,701.6348518979988,0.0
1488414600,1.0,631.2288748126205,0.0
1488415200,1.0,667.6312376205557,0.0
1488415800,1.0,737.9709573602797,0.0
1488416400,1.0,736.1198532474066,0.0
1488417000,1.0,955.8169177909313,0.0
1488417600,1.0,977.60876944875,0.0
1488418200,1.0,1007.6325359471248,0.0
1488418800,1.0,1206.3158800119459,0.0
1488419400,1.0,1098.768334596417,0.0
1488420000,1.0,1160.7066666698504,0.0
1488420600,1.0,1059.8040392056473,0.0
1488421200,1.0,633.7287045645762,0.0
1488421800,1.0,651.2384720434977,0.0
1488422400,1.0,468.7309196508688,0.0
1488423000,1.0,524.119701677546,0.0
1488423600,1.0,435.0330450661664,0.0
1488424200,1.0,509.2997587223117,0.0
1488424800,1.0,392.3295413835143,0.0
1488425400,1.0,248.942475874996,0.0
1488426000,1.0,555.6873993899312,0.0
1488426600,1.0,601.2029317847059,0.0
1488427200,1.0,565.973735947221,0.0
1488427800,1.0,239.64727307731656,0.0
1488428400,1.0,315.5676492861413,0.0
1488429000,1.0,345.8290117028054,0.0
1488429600,1.0,346.88369997680155,0.0
1488430200,1.0,409.47416541553116,0.0
1488430800,1.0,271.359558433077,0.0
1488431400,1.0,477.6703673435733,0.0
1488432000,1.0,236.1942573819295,0.0
1488432600,1.0,183.5405796357417,0.0
1488433200,1.0,206.39771624197047,0.0
1488433800,1.0,165.93157024501204,0.0
1488434400,1.0,174.03908600083028,0.0
1488435000,1.0,176.7229072170723,0.0
1488435600,1.0,183.82735729447398,0.0
1488436200,,,
1488436800,,,
1488437400,,,
1488438000,,,
1488438600,,,
1488439200,,,
1488439800,,,
1488440400,,,
1488441000,,,
1488442200,,,
1488442800,,,
1488443400,,,
1488444000,,,
1488444600,,,
1488445200,,,
1488445800,,,
1488446400,,,
1488447000,,,
1488447600,,,
1488448200,,,
1488448800,,,
1488449400,,,
1488450000,,,
1488450600,,,
1488451200,,,
1488451800,,,
1488452400,,,
1488453000,,,
1488453600,1.0,140.66809104348758,0.0
1488454200,,,
1488454800,,,
1488455400,,,
1488456000,,,
1488456600,,,
1488458400,,,
1488459000,,,
1488459600,,,
1488460200,,,
1488460800,,,
1488461400,,,
1488462000,,,
1488462600,,,
1488463200,,,
1488463800,,,
1488464400,,,
1488465000,,,
1488465600,,,
1488466200,,,
1488466800,,,
1488467400,,,
1488468000,,,
1488468600,,,
1488469200,,,
1488469800,,,
1488470400,,,
1488471000,,,
1488471600,,,
1488472200,,,
1488472800,,,
1488473400,,,
1488474000,,,
1488474600,,,
1488475200,,,
1488475800,,,
1488476400,,,
1488477000,,,
1488477600,,,
1488478200,,,
1488478800,,,
1488479400,,,
1488480000,,,
1488480600,,,
1488481200,,,
1488481800,,,
1488482400,,,
1488483000,,,
1488483600,,,
1488484200,,,
1488484800,,,
1488485400,,,
1488486000,,,
1488486600,,,
1488487200,,,
1488487800,,,
1488488400,,,
1488489000,,,
1488489600,,,
1488490200,,,
1488490800,,,
1488491400,1.0,133.2218919912153,0.0
1488492000,1.0,151.6058153298716,0.0
1488492600,1.0,153.36755870683774,0.0
1488493200,1.0,152.60337916816462,0.0
1488493800,1.0,193.8227189327252,0.0
1488494400,1.0,129.11817681501128,0.0
1488495000,1.0,146.93878658219904,0.0
1488495600,1.0,198.04661255034443,0.0
1488496200,1.0,216.59271982729192,0.0
1488496800,1.0,226.2839780384642,0.0
1488497400,1.0,233.351812621665,0.0
1488498000,1.0,281.23338164136385,0.0
1488498600,1.0,265.73652820389486,0.0
1488499200,1.0,327.2889057171926,0.0
1488499800,1.0,467.22745270711823,0.0
1488500400,1.0,453.6610856991552,0.0
1488501000,1.0,428.88886870512863,0.0
1488501600,1.0,487.39030144393183,0.0
1488502200,1.0,287.66706681685525,0.0
1488502800,1.0,191.33624113091145,0.0
1488503400,1.0,166.57263150212674,0.0
1488504000,1.0,148.90851291167684,0.0
1488504600,1.0,211.27761862642222,0.0
1488505200,,,
1488505800,1.0,126.51857645293677,0.0
1488506400,1.0,147.71530085868005,0.0
1488507000,1.0,178.72823474765102,0.0
1488507600,1.0,182.37949435382228,0.0
1488508200,1.0,200.1703583586998,0.0
1488508800,1.0,157.0794672487834,0.0
1488509400,1.0,195.9915170695373,0.0
1488510000,1.0,196.6059924120309,0.0
1488510600,1.0,269.97622166805786,0.0
1488511200,1.0,328.379045741018,0.0
1488511800,1.0,309.28156864431674,0.0
1488512400,1.0,310.87393586546074,0.0
1488513000,1.0,450.7197115514473,0.0
1488513600,1.0,662.4559880729662,0.0
1488514200,1.0,790.4384488665054,0.0
1488514800,1.0,502.40910316902574,0.0
1488515400,1.0,553.2101290972752,0.0
1488516000,1.0,465.6705437213929,0.0
1488516600,1.0,514.4454065238124,0.0
1488517200,1.0,407.5676694836214,0.0
1488517800,1.0,261.30278533170485,0.0
1488518400,1.0,285.52912619941895,0.0
1488519000,1.0,237.8849949623896,0.0
1488519600,1.0,271.8201722360571,0.0
1488520200,1.0,280.179746396572,0.0
1488520800,1.0,307.69012861045985,0.0
1488521400,1.0,450.5981386121558,0.0
1488522000,1.0,642.0246570172053,0.0
1488522600,1.0,975.6702035893325,0.0
1488523200,1.0,836.2537433659941,0.0
1488523800,1.0,620.9008551132757,0.0
1488524400,1.0,446.1477723401368,0.0
1488525000,1.0,452.7739590768433,0.0
1488525600,1.0,616.1952132998301,0.0
1488526200,1.0,366.2533743122754,0.0
1488526800,1.0,460.27469824989953,0.0
1488527400,1.0,265.98799544120357,0.0
1488528000,1.0,446.47963503707183,0.0
1488528600,1.0,610.6270795474704,0.0
1488529200,1.0,920.5100592240416,0.0
1488529800,1.0,889.1990711811784,0.0
1488530400,1.0,877.7516891923381,0.0
1488531000,1.0,844.7976424701683,0.0
1488531600,1.0,470.9008212538278,0.0
1488532200,1.0,734.801121628285,0.0
1488532800,1.0,547.6103932478474,0.0
1488533400,1.0,750.1607328621421,0.0
1488534000,1.0,1259.7756531448356,0.0
1488534600,1.0,1347.1062267229095,0.0
1488535200,1.0,1162.830120683639,0.0
1488535800,1.0,1070.9455304738708,17.076128060162358
1488536400,1.0,1342.5717596889185,0.0
1488537000,1.0,1996.515790860058,0.0
1488537600,1.0,1707.7320240233914,0.0
1488538200,1.0,1294.7377834135664,0.0
1488538800,1.0,1991.5898851950665,0.0
1488539400,1.0,1983.2903755385312,0.0
1488540000,1.0,1418.9892841135745,0.0
1488540600,1.0,2035.493593845341,0.0
1488541200,1.0,2062.0982838966606,0.0
1488541800,1.0,2007.8668720849967,0.0
1488542400,1.0,1576.4062903889828,0.0
1488543000,1.0,2020.8903807001238,0.0
1488543600,1.0,2016.7097361973208,0.0
1488544200,1.0,1414.6380628962906,31.387469765665962
1488544800,1.0,1849.8329901350849,-121.41400598926624
1488545400,1.0,2026.1752354621494,0.0
1488546000,1.0,1634.7203053794697,0.0
1488546600,1.0,1551.0036372820985,0.0
1488547200,1.0,1939.4539144329456,0.0
1488547800,1.0,1899.030748291881,-34.528796608806374
1488548400,1.0,1628.7203714576858,0.0
1488549000,1.0,1934.2864187062955,0.0
1488549600,1.0,1560.042167922306,0.0
1488550200,1.0,1980.7443684977786,0.0
1488550800,1.0,2077.4831047209673,0.0
1488551400,1.0,2036.9545370232559,0.0
1488552000,1.0,1395.8028362385555,0.0
1488552600,1.0,1963.687610279964,0.0
1488553200,1.0,2018.2454923254747,0.0
1488553800,1.0,2007.4118189180506,0.0
1488554400,1.0,1589.4431287823609,0.0
1488555000,1.0,1867.5628083813888,0.0
1488555600,1.0,1640.055656241954,0.0
1488556200,1.0,1539.776306417886,0.0
1488556800,1.0,1830.60749842854,0.0
1488557400,1.0,1926.3990322518616,0.0
1488558000,1.0,1710.8030969144195,0.0
1488558600,1.0,2013.6665164585336,0.0
1488559200,1.0,1962.6886244220389,0.0
1488559800,1.0,1789.7307713649705,0.0
1488560400,1.0,2006.3464993911773,0.0
1488561000,1.0,1513.0843693472314,0.0
1488561600,1.0,1870.743641839498,0.0
1488562200,1.0,1994.548301180491,0.0
1488562800,1.0,1554.6801090918025,0.0
1488563400,1.0,2006.2564947684368,0.0
1488564000,1.0,1902.4644074919468,0.0
1488564600,1.0,1466.7665231094934,0.0
1488565200,1.0,1715.2062145029902,0.0
1488565800,1.0,1587.373463207331,0.0
1488566400,1.0,1541.953780661824,0.0
1488567000,1.0,1517.6675770909678,0.0
1488567600,1.0,1546.904822979168,0.0
1488568200,1.0,1379.3559490514112,0.0
1488568800,1.0,1791.7592249026004,0.0
1488569400,1.0,1569.8753478273948,0.0
1488570000,1.0,1765.7507862581244,0.0
1488570600,1.0,1648.0701098687466,0.0
1488571200,1.0,1713.0008985694749,0.0
1488571800,1.0,1904.9707498886585,0.0
1488572400,1.0,1947.8599434636221,0.0
1488573000,1.0,2034.4231367156685,0.0
1488573600,1.0,1816.7947591764053,0.0
1488574200,1.0,1792.3354820573786,0.0
1488574800,1.0,2044.568973432152,0.0
1488575400,1.0,2026.45775840068,0.0
1488576000,1.0,2030.3588889748846,0.0
1488576600,1.0,1983.2690622604905,0.0
1488577200,1.0,1928.05635138133,0.0
1488577800,1.0,1955.6173069312176,0.0
1488578400,1.0,2032.2547570468384,0.0
1488579000,1.0,2048.906970826708,0.0
1488579600,1.0,1821.0061083853186,-91.1031063980552
1488580200,1.0,2016.6265253708375,0.0
1488580800,1.0,1890.6375934520106,0.0
1488581400,1.0,1999.7433564722974,0.0
1488582000,1.0,2001.1872458395228,5.9030501712395145
1488582600,1.0,1934.5626701197773,0.0
1488583200,1.0,2016.5210001345486,0.0
1488583800,1.0,2024.8587885883014,0.0
1488584400,1.0,2048.106080340859,0.0
1488585000,1.0,1984.7535797483,-44.091912148515966
1488585600,1.0,1755.7142787551174,0.0
1488586200,1.0,2027.7229788518466,-116.18890611304651
1488586800,1.0,2005.280025726017,-23.479794984705663
1488587400,1.0,1997.7695810125808,0.0
1488588000,1.0,2069.6314921023645,0.0
1488588600,1.0,2019.8016221515657,0.0
1488589200,1.0,2022.8378256375306,0.0
1488589800,1.0,1782.925903692435,0.0
1488590400,1.0,1635.6705326340991,0.0
1488591000,1.0,1834.709452683437,0.0
1488591600,1.0,1977.047969533836,0.0
1488592200,1.0,1961.056718611886,0.0
1488592800,1.0,2055.3955889748645,0.0
1488593400,1.0,1862.3019091342544,0.0
1488594000,1.0,1990.8758738898525,0.0
1488594600,1.0,1986.7034043710987,-106.52296570758598
1488595200,1.0,1785.7515458642927,0.0
1488595800,1.0,1903.2019958180106,0.0
1488596400,1.0,1692.4597870474438,0.0
1488597000,1.0,1883.0870568574685,0.0
1488597600,1.0,1746.2564704640827,0.0
1488598200,1.0,1917.8730748639387,0.0
1488598800,1.0,1985.0119267723624,0.0
1488599400,1.0,1998.4391007991806,0.0
1488600000,1.0,2046.360309047457,0.0
1488600600,1.0,1976.5611873107352,0.0
1488601200,1.0,1807.2849339726224,0.0
1488601800,1.0,2002.6635055186346,0.0
1488602400,1.0,2025.9304990945031,0.0
1488603000,1.0,2061.0615874492305,0.0
1488603600,1.0,1634.8079991647376,0.0
1488604200,1.0,1867.3043105136057,0.0
1488604800,1.0,1692.9805070400287,0.0
1488605400,1.0,1666.7018505031976,0.0
1488606000,1.0,2001.450056563781,0.0
1488606600,1.0,2011.1749566882568,0.0
1488607200,1.0,2035.4444634681079,0.0
1488607800,1.0,2089.448212877709,0.0
1488608400,1.0,1581.1483561031644,0.0
1488609000,1.0,1412.7720026006934,0.0
1488609600,1.0,1392.314704353556,0.0
1488610200,1.0,1212.7994847397918,0.0
1488610800,1.0,798.133129916536,0.0
1488611400,1.0,1127.904993331286,0.0
1488612000,1.0,1322.7722050830764,0.0
1488612600,1.0,1585.0544500535473,0.0
1488613200,1.0,1299.7702229799283,0.0
1488613800,1.0,1782.6973677185938,0.0
1488614400,1.0,1289.8188826873911,0.0
1488615000,1.0,1437.2238182474518,0.0
1488615600,1.0,1283.6977849892733,0.0
1488616200,1.0,894.1553108757453,0.0
1488616800,1.0,1078.0430068332364,0.0
1488617400,1.0,1033.898865291374,0.0
1488618000,1.0,859.0901449199986,0.0
1488618600,1.0,922.6262784085872,0.0
1488619200,1.0,876.358496884291,0.0
1488619800,1.0,1105.2813826441231,0.0
1488620400,1.0,716.541911023749,0.0
1488621000,1.0,1149.512847578685,0.0
1488621600,1.0,951.3394349054823,0.0
1488622200,1.0,873.5772422827631,0.0
1488622800,1.0,830.2782872281813,0.0
1488623400,1.0,996.3223688429221,0.0
1488624000,1.0,760.8472636235359,0.0
1488624600,1.0,955.7034410353527,0.0
1488625200,1.0,1156.7216221356073,0.0
1488625800,1.0,942.5861176262058,0.0
1488626400,1.0,931.4692439126904,0.0
1488627000,1.0,758.4796679917077,0.0
1488627600,1.0,496.602130735936,0.0
1488628200,1.0,403.20813127638166,0.0
1488628800,1.0,1242.6942529117396,0.0
1488629400,1.0,590.8455770473647,0.0
1488630000,1.0,606.9247226539723,0.0
1488630600,1.0,547.9678543551796,0.0
1488631200,1.0,1186.7527814563284,0.0
1488631800,1.0,656.7528396320587,0.0
1488632400,1.0,743.6264772293791,0.0
1488633000,1.0,683.0892905770603,0.0
1488633600,1.0,671.0150540322318,0.0
1488634200,1.0,769.3061514574449,0.0
1488634800,1.0,610.2230658249836,0.0
1488635400,1.0,363.8985760299861,0.0
1488636000,1.0,558.6249646035711,0.0
1488636600,1.0,207.9797304389793,0.0
1488637200,1.0,294.1904597294767,0.0
1488637800,1.0,207.62143734166767,0.0
1488638400,1.0,730.0250066506205,0.0
1488639000,1.0,487.8806841930957,0.0
1488639600,1.0,529.0350419797264,0.0
1488640200,1.0,1207.1984484301322,0.0
1488640800,1.0,496.042726446987,0.0
1488641400,1.0,539.2690312234712,0.0
1488642000,1.0,467.7076791528646,0.0
1488642600,1.0,518.8935266864854,0.0
1488643200,1.0,474.15866733703,0.0
1488643800,1.0,479.9230404326197,0.0
1488644400,1.0,482.6670092656085,0.0
1488645000,1.0,632.5239700863652,0.0
1488645600,1.0,318.21160349232366,0.0
1488646200,1.0,519.2212596358702,0.0
1488646800,1.0,905.8731709766456,0.0
1488647400,1.0,850.4410289690544,0.0
1488648000,1.0,535.1715744176471,0.0
1488648600,1.0,692.6430426789677,0.0
1488649200,1.0,1140.9712617769314,0.0
1488649800,1.0,802.1031786115109,0.0
1488650400,1.0,1141.183882082681,0.0
1488651000,1.0,1362.844807947075,0.0
1488651600,1.0,842.1468585436867,0.0
1488652200,1.0,1242.7582730592594,0.0
1488652800,1.0,1032.9358870348399,0.0
1488653400,1.0,1278.9376952103669,0.0
1488654000,1.0,1325.4587985096487,0.0
1488654600,1.0,1543.2168623268344,0.0
1488655200,1.0,1702.858738884738,0.0
1488655800,1.0,1102.9541498747744,0.0
1488656400,1.0,975.3759325753624,0.0
1488657000,1.0,416.25497594272,0.0
1488657600,1.0,860.0970243838466,0.0
1488658200,1.0,1103.9332487938134,0.0
1488658800,1.0,1248.946800253175,0.0
1488659400,1.0,979.5769641478439,0.0
1488660000,1.0,784.7998768773471,0.0
1488660600,1.0,655.6854300505786,0.0
1488661200,1.0,573.8690920905185,0.0
1488661800,1.0,810.7306972774209,0.0
1488662400,1.0,1489.458502975946,0.0
1488663000,1.0,1381.5212104502116,0.0
1488663600,1.0,1202.6286568609805,0.0
1488664200,1.0,789.5695500600027,0.0
1488664800,1.0,913.1490129682719,0.0
1488665400,1.0,1296.782196846736,0.8415059885268916
1488666000,1.0,1469.8070623382432,0.0
1488666600,1.0,1158.2747449950255,0.0
1488667200,1.0,715.016229993741,0.0
1488667800,1.0,786.5797196973659,0.0
1488668400,1.0,1106.2147138035575,0.0
1488669000,1.0,1135.2779352389434,0.0
1488669600,1.0,1018.04175711114,0.0
1488670200,1.0,1473.4592119263382,0.0
1488670800,1.0,1066.643392131404,0.0
1488671400,1.0,650.6062340241945,0.0
1488672000,1.0,1217.8061408906565,0.0
1488672600,1.0,1706.2986902236341,0.0
1488673200,1.0,1716.7258874909287,0.0
1488673800,1.0,1185.8453267885236,0.0
1488674400,1.0,794.1514287456572,0.0
1488675000,1.0,1047.4215799338629,29.451875898022514
1488675600,1.0,886.2420208052406,0.0
1488676200,1.0,810.3187395618277,0.0
1488676800,1.0,1365.5400308519545,0.0
1488677400,1.0,1159.975252248534,0.0
1488678000,1.0,1152.6923118361112,0.0
1488678600,1.0,1346.0225089533535,0.0
1488679200,1.0,1189.4112902133245,0.0
1488679800,1.0,1753.4561997267338,0.0
1488680400,1.0,1535.6033829964624,0.0
1488681000,1.0,1366.6410956471416,0.0
1488681600,1.0,1467.375465457995,0.0
1488682200,1.0,1329.3181823903635,0.0
1488682800,1.0,885.1669521328937,0.0
1488683400,1.0,949.9304498550454,0.0
1488684000,1.0,747.9249201574579,0.0
1488684600,1.0,988.3437928198796,0.0
1488685200,1.0,1514.0678547453788,0.0
1488685800,1.0,826.2555697923838,0.0
1488686400,1.0,1239.6046701137818,0.0
1488687000,1.0,1309.1435835836596,0.0
1488687600,1.0,1709.0568692917536,0.0
1488688200,1.0,1330.4712776358906,0.0
1488688800,1.0,1265.5265657490875,0.0
1488689400,1.0,1851.7070373178547,0.0
1488690000,1.0,1701.7243249079934,0.0
1488690600,1.0,1326.4634522201206,0.0
1488691200,1.0,1121.760168106196,0.0
1488691800,1.0,1407.3604833913728,0.0
1488692400,1.0,1469.6011589824195,0.0
1488693000,1.0,1028.6109921656498,0.0
1488693600,1.0,1078.8367906704866,0.0
1488694200,1.0,1337.9237367206747,0.0
1488694800,1.0,1798.6659959438666,0.0
1488695400,1.0,1694.7603137141016,0.0
1488696000,1.0,1421.697549990068,0.0
1488696600,1.0,793.0475384880559,0.0
1488697200,1.0,1507.5790801042817,0.0
1488697800,1.0,1647.7160342622894,0.0
1488698400,1.0,1111.6872369330888,0.0
1488699000,1.0,916.697502842426,0.0
1488699600,1.0,1623.2223323823487,0.0
1488700200,1.0,921.3670017992653,0.0
1488700800,1.0,1223.9347087312995,0.0
1488701400,1.0,1302.3124419695296,0.0
1488702000,1.0,794.6597023647666,0.0
1488702600,1.0,651.2305968033169,0.0
1488703200,1.0,672.5394077526696,0.0
1488703800,1.0,500.0270154577479,0.0
1488704400,1.0,454.6415382059869,0.0
1488705000,1.0,890.5940715284912,0.0
1488705600,1.0,1052.8478523122028,0.0
1488706200,1.0,1137.2366541132185,0.0
1488706800,1.0,1194.717277541828,0.0
1488707400,1.0,666.8911738601922,0.0
1488708000,1.0,1353.9299369347366,0.0
1488708600,1.0,1405.510200895972,0.0
1488709200,1.0,1065.3568417918016,0.0
1488709800,1.0,1143.1241575917752,0.0
1488710400,1.0,1044.7028739521602,0.0
1488711000,1.0,1093.5610197349238,26.21530842912533
1488711600,1.0,1337.0915105391573,0.0
1488712200,1.0,778.6926043341092,0.0
1488712800,1.0,1310.6879573680587,0.0
1488713400,1.0,1101.1987424689721,9.607838536736176
1488714000,1.0,1561.7977488387696,0.0
1488714600,1.0,1574.760333161371,0.0
1488715200,1.0,1389.203014757687,0.0
1488715800,1.0,966.2693959248577,0.0
1488716400,1.0,1953.290913652993,0.0
1488717000,1.0,1601.2064243368982,0.0
1488717600,1.0,1076.7236214027664,0.0
1488718200,1.0,741.6093640299177,0.0
1488718800,1.0,708.4924215770175,0.0
1488719400,1.0,567.7341792106886,0.0
1488720000,1.0,774.8858633385522,0.0
1488720600,1.0,503.3549359725239,0.0
1488721200,1.0,843.9192489613852,0.0
1488721800,1.0,869.7731225815642,0.0
1488722400,1.0,804.21951052294,0.0
1488723000,1.0,956.7531992590134,0.0
1488723600,1.0,427.6858884508487,0.0
1488724200,1.0,530.4792951161429,0.0
1488724800,1.0,421.8931396483471,0.0
1488725400,1.0,573.180597849948,0.0
1488726000,1.0,435.716351110928,0.0
1488726600,1.0,795.8163430979632,0.0
1488727200,1.0,668.357131304871,0.0
1488727800,1.0,1336.991135322514,0.0
1488728400,1.0,1291.16159239743,0.0
1488729000,1.0,851.0122685181026,0.0
1488729600,1.0,531.3434322866152,0.0
1488730200,1.0,789.821435765913,0.0
1488730800,1.0,1394.3389366876718,0.0
1488731400,1.0,1020.582862066741,0.0
1488732000,1.0,1476.9968498185035,0.0
1488732600,1.0,1168.984521111625,0.0
1488733200,1.0,1682.7102275149098,0.0
1488733800,1.0,1936.23417117798,0.0
1488734400,1.0,1170.7295548417278,0.0
1488735000,1.0,806.2164914468973,0.0
1488735600,1.0,1228.934876274282,4.3049235289504
1488736200,1.0,1327.1479464990966,0.0
1488736800,1.0,1502.971192243764,0.0
1488737400,1.0,1478.2665286568365,0.0
1488738000,1.0,1620.1656462074454,0.0
1488738600,1.0,1302.653767233728,0.0
1488739200,1.0,1492.0029398141126,0.0
1488739800,1.0,1362.5408706011362,0.0
1488740400,1.0,1115.757074095048,31.424373647595548
1488741000,1.0,1230.4481674814986,0.0
1488741600,1.0,1178.3311450022072,0.0
1488742200,1.0,1870.0669634651647,0.0
1488742800,1.0,1835.1722971116046,0.0
1488743400,1.0,1879.7444483026127,0.0
1488744000,1.0,1895.6556965953016,32.3739922799728
1488744600,1.0,1950.130412777958,0.0
1488745200,1.0,1906.744099078644,0.0
1488745800,1.0,1965.1212313970761,0.0
1488746400,1.0,1829.4006624068893,4.455054837236919
1488747000,1.0,1747.320826482977,0.0
1488747600,1.0,1953.567651828044,0.0
1488748200,1.0,1907.8230292644946,0.0
1488748800,1.0,1884.0004305494047,0.0
1488749400,1.0,1995.274615581056,0.0
1488750000,1.0,1952.5688039137665,0.0
1488750600,1.0,1977.0048034996928,0.0
1488751200,1.0,1833.616671917649,67.43587832997143
1488751800,1.0,2027.6209047558152,0.0
1488752400,1.0,1943.322654353817,0.0
1488753000,1.0,1998.1598481033639,0.0
1488753600,1.0,1934.4746815432238,0.0
1488754200,1.0,1965.7657688767881,0.0
1488754800,1.0,1916.8732334126266,0.0
1488755400,1.0,1940.0717913080584,0.0
1488756000,1.0,1928.0812927499665,0.0
1488756600,1.0,1996.8894336612884,0.0
1488757200,1.0,1859.9909348345773,0.0
1488757800,1.0,1968.4473380308727,0.0
1488758400,1.0,1959.8727896098073,0.0
1488759000,1.0,1901.1865823404069,0.0
1488759600,1.0,1978.523197534515,0.0
1488760200,1.0,2008.77043154524,0.0
1488760800,1.0,1643.9414552919714,0.0
1488761400,1.0,2018.3070154264954,0.0
1488762000,1.0,1925.0737888772005,0.0
1488762600,1.0,2013.0677331575048,0.0
1488763200,1.0,2014.2549578567512,0.0
1488763800,1.0,1940.6429554567185,0.0
1488764400,1.0,2028.2011678094927,0.0
1488765000,1.0,2000.0313321916074,0.0
1488765600,1.0,1886.3479216007959,0.0
1488766200,1.0,1953.0265899038209,0.0
1488766800,1.0,2038.6928966869186,0.0
1488767400,1.0,1989.5767144066192,0.0
1488768000,1.0,1951.9627201096482,0.0
1488768600,1.0,2002.2562964978158,0.0
1488769200,1.0,1921.226382237476,0.0
1488769800,1.0,1993.3378668410592,0.0
1488770400,1.0,1763.2353104440576,0.0
1488771000,1.0,1860.6037450238944,0.0
1488771600,1.0,1892.4290489113885,0.0
1488772200,1.0,1772.3653050664655,0.0
1488772800,1.0,1747.2264448159515,0.0
1488773400,1.0,1511.0113623258496,0.0
1488774000,1.0,1954.4859033312189,0.0
1488774600,1.0,1575.7504904791188,0.0
1488775200,1.0,1856.6341325593162,0.0
1488775800,1.0,1882.8973383931525,11.144592787806316
1488776400,1.0,1983.3877522001198,0.0
1488777000,1.0,1958.8208549920093,0.0
1488777600,1.0,1799.0658603483614,4.770296079926349
1488778200,1.0,1767.7228520849326,0.0
1488778800,1.0,1955.6675544939817,0.0
1488779400,1.0,1864.596751555672,0.0
1488780000,1.0,1905.4342939540936,0.0
1488780600,1.0,1921.8185530599085,0.0
1488781200,1.0,1915.3143100098928,0.0
1488781800,1.0,1478.8330626402685,0.0
1488782400,1.0,1755.7491862408635,0.0
1488783000,1.0,1600.3395216404892,0.0
1488783600,1.0,1803.738700669771,0.0
1488784200,1.0,1708.635590500891,0.0
1488784800,1.0,1906.2492060155791,0.0
1488785400,1.0,1964.544616686129,0.0
1488786000,1.0,1665.1722517881765,5.058372834590221
1488786600,1.0,1822.2773535310941,0.0
1488787200,1.0,1981.0538601735184,0.0
1488787800,1.0,1691.7589983981204,0.0
1488788400,1.0,1796.7939471978946,0.0
1488789000,1.0,1889.7704104648205,0.0
1488789600,1.0,1763.3274627438552,0.0
1488790200,1.0,1922.6422932584398,0.0
1488790800,1.0,1854.0425139760519,0.0
1488791400,1.0,1265.1736999793372,0.0
1488792000,1.0,1267.1946002717266,118.30253718103322
1488792600,1.0,1585.0003764103715,0.0
1488793200,1.0,1369.7191401912442,16.16028760697448
1488793800,1.0,2000.07682880404,0.0
1488794400,1.0,1953.202578447498,0.0
1488795000,1.0,1619.755035735913,0.0
1488795600,1.0,1241.514737244296,0.0
1488796200,1.0,1789.7661813895083,0.0
1488796800,1.0,1823.8343655865708,0.0
1488797400,1.0,980.9315976250467,0.0
1488798000,1.0,1283.34781164205,0.0
1488798600,1.0,1221.9326449133334,0.0
1488799200,1.0,1733.8146015486386,0.0
1488799800,1.0,1613.9676694787106,0.0
1488800400,1.0,1034.4121230417013,0.0
1488801000,1.0,942.3818453665793,0.0
1488801600,1.0,820.0714610034123,0.0
1488802200,1.0,698.3444592370413,0.0
1488802800,1.0,643.872878229139,0.0
1488803400,1.0,817.2887707673117,0.0
1488804000,1.0,658.0860433829048,0.0
1488804600,1.0,1441.6592526410298,0.0
1488805200,1.0,719.1186004859987,0.0
1488805800,1.0,648.3560402321692,0.0
1488806400,1.0,393.8784494959984,0.0
1488807000,1.0,1040.7740525345116,0.0
1488807600,1.0,520.5148183934367,0.0
1488808200,1.0,680.4357392132429,0.0
1488808800,1.0,1018.6404312391028,0.0
1488809400,1.0,488.10006258163503,0.0
1488810000,1.0,1344.8402958732515,0.0
1488810600,1.0,599.7021040231732,0.0
1488811200,1.0,823.7368124301753,0.0
1488811800,1.0,602.8093790726809,0.0
1488812400,1.0,628.8489617592742,0.0
1488813000,1.0,821.2622658213644,0.0
1488813600,1.0,1260.8852572515127,0.0
1488814200,1.0,540.0416892782428,0.0
1488814800,1.0,935.880409577896,0.0
1488815400,1.0,659.8495664116391,0.0
1488816000,1.0,727.0389976123572,0.0
1488816600,1.0,483.2904804293228,0.0
1488817800,1.0,455.6668307693499,0.0
1488818400,1.0,407.1824272351649,0.0
1488819000,1.0,424.3529708840657,0.0
1488819600,1.0,494.37914561367637,0.0
1488820200,1.0,414.1776032341993,0.0
1488820800,1.0,246.2988489661389,0.0
1488821400,1.0,458.8957381436946,0.0
1488822000,1.0,776.117621963561,0.0
1488822600,1.0,551.9395631831064,0.0
1488823200,1.0,306.5572748813456,0.0
1488823800,1.0,505.1839372844418,0.0
1488824400,1.0,559.5154360266886,0.0
1488825000,1.0,1106.4072632588936,0.0
1488825600,1.0,849.2279816178343,0.0
1488826200,1.0,328.92220019514093,0.0
1488826800,1.0,495.0135544988397,0.0
1488827400,1.0,825.6064269766023,0.0
1488828000,1.0,834.6401964212822,0.0
1488828600,1.0,645.5456964673265,0.0
1488829200,1.0,866.1878460778772,0.0
1488829800,1.0,1081.5265406329038,0.0
1488830400,1.0,1771.028529097823,0.0
1488831000,1.0,1410.7546188131348,0.0
1488831600,1.0,1426.2189324428525,0.0
1488832200,1.0,1406.9202307562286,40.312868224366014
1488832800,1.0,1250.3489200344816,13.394195939970475
1488833400,1.0,990.5084028694632,0.0
1488834000,1.0,1115.451469456709,0.0
1488834600,1.0,639.3308123695283,0.0
1488835200,1.0,227.34293408684584,0.0
1488835800,,,
1488836400,1.0,115.90163412651907,0.0
1488837000,1.0,199.3887457601776,0.0
1488837600,1.0,227.00864424978127,0.0
1488838200,1.0,209.33263388752871,0.0
1488838800,1.0,247.31404416690944,0.0
1488839400,1.0,231.73893977223238,0.0
1488840000,1.0,256.37191645687017,0.0
1488840600,1.0,343.351462896277,0.0
1488841200,1.0,489.25149603147764,0.0
1488841800,1.0,612.3990219138608,0.0
1488842400,1.0,546.5917891440821,0.0
1488843000,1.0,555.0710015024653,0.0
1488843600,1.0,744.4911885055237,0.0
1488844200,1.0,882.8312061951642,0.0
1488844800,1.0,998.3999549387104,0.0
1488845400,1.0,844.0496200338823,0.0
1488846000,1.0,929.2411306216264,0.0
1488846600,1.0,974.7927182011088,0.0
1488847200,1.0,943.8025266689727,0.0
1488847800,1.0,542.4435969094477,0.0
1488848400,1.0,516.3254639994382,0.0
1488849000,1.0,624.2214426110802,0.0
1488849600,1.0,407.329501914962,0.0
1488850200,1.0,556.4638666186686,0.0
1488850800,1.0,333.29101768490636,0.0
1488851400,1.0,629.2449772062813,0.0
1488852000,1.0,419.4434984305161,0.0
1488852600,1.0,605.0792206717044,0.0
1488853200,1.0,492.1467897392048,0.0
1488853800,1.0,464.41553750266434,0.0
1488854400,1.0,472.608543861027,0.0
1488855000,1.0,428.65947910500114,0.0
1488855600,1.0,354.60449906017783,0.0
1488856200,1.0,321.8742808879793,0.0
1488856800,1.0,332.00537249817705,0.0
1488857400,1.0,483.8538926661306,0.0
1488858000,1.0,381.86945536973184,0.0
1488858600,1.0,576.7462610317348,0.0
1488859200,1.0,448.74818892800425,0.0
1488859800,1.0,656.8027144815247,0.0
1488860400,1.0,304.4654595011712,0.0
1488861000,1.0,285.51408886516634,0.0
1488861600,1.0,314.7972936125765,0.0
1488862200,1.0,310.6291328387028,0.0
1488862800,1.0,378.611610690696,0.0
1488863400,1.0,485.73008438719694,0.0
1488864000,1.0,627.5840350400133,0.0
1488864600,1.0,464.85157079749763,0.0
1488865200,1.0,387.07086490153483,0.0
1488865800,1.0,457.378798099292,0.0
1488866400,1.0,554.2575726034407,0.0
1488867000,1.0,305.72087979902886,0.0
1488867600,1.0,216.28675136505768,0.0
1488868200,1.0,222.82280264648918,0.0
1488868800,1.0,349.6944779443222,0.0
1488869400,1.0,357.2173576999538,0.0
1488870000,1.0,509.86222159013397,0.0
1488870600,1.0,464.37140782956925,0.0
1488871200,1.0,590.1853696940124,0.0
1488871800,1.0,636.6745251754727,0.0
1488872400,1.0,750.4480483117267,0.0
1488873000,1.0,606.2236207072099,0.0
1488873600,1.0,565.9638188988639,0.0
1488874200,1.0,470.20348054432975,0.0
1488874800,1.0,357.9922093914364,0.0
1488875400,1.0,283.98365096042926,0.0
1488876000,1.0,223.3517946392815,0.0
1488876600,1.0,277.7366367551606,0.0
1488877200,1.0,152.3636876675374,0.0
1488877800,1.0,197.6168420897144,0.0
1488878400,1.0,198.2153137350369,0.0
1488879000,1.0,290.4949208850258,0.0
1488879600,1.0,234.7575691071657,0.0
1488880200,1.0,207.8514443664217,0.0
1488880800,1.0,460.7744373913837,0.0
1488881400,1.0,565.455102026508,0.0
1488882000,1.0,824.9269260389317,0.0
1488882600,1.0,844.7102356244742,0.0
1488883200,1.0,1197.3023634049075,0.0
1488883800,1.0,1059.256546731558,0.0
1488884400,1.0,805.8292770247989,0.0
1488885000,1.0,1069.2988050095653,0.0
1488885600,1.0,1065.1976691777686,0.0
1488886200,1.0,948.5250453986728,0.0
1488886800,1.0,1184.9798799079574,0.0
1488887400,1.0,771.3814115606517,0.0
1488888000,1.0,1005.5838304217565,0.0
1488888600,1.0,1177.3602516584515,0.0
1488889200,1.0,667.9860988682964,0.0
1488889800,1.0,870.3275295456793,0.0
1488890400,1.0,976.7679254038292,0.0
1488891000,1.0,1286.270068879365,56.80017495578157
1488891600,1.0,1310.242862190442,0.0
1488892200,1.0,653.9326827366002,0.0
1488892800,1.0,1067.904000155767,0.0
1488893400,1.0,506.77462983898255,0.0
1488894000,1.0,440.0716856373787,0.0
1488894600,1.0,638.7268235471937,5.069465238427052
1488895200,1.0,1146.546555703627,0.0
1488895800,1.0,1089.727945084688,0.0
1488896400,1.0,1604.6449206699085,0.0
1488897000,1.0,1376.9881894457114,0.0
1488897600,1.0,1109.7693327195186,38.190139782944975
1488898200,1.0,949.2182679063644,0.0
1488898800,1.0,648.1013659450002,0.0
1488899400,1.0,1150.0573930234818,230.06207947898145
1488900000,1.0,886.4276996652134,0.0
1488900600,1.0,820.7639874767157,0.0
1488901200,1.0,1026.2198304762044,0.0
1488901800,1.0,1213.025968205289,0.0
1488902400,1.0,1068.641629662192,0.0
1488903000,1.0,963.6714680919046,0.0
1488903600,1.0,703.5912351714193,0.0
1488904200,1.0,1303.6771960487704,0.0
1488904800,1.0,1158.2124394542855,0.0
1488905400,1.0,1203.903722993102,0.0
1488906000,1.0,589.2245823648813,0.0
1488906600,1.0,604.5252676131828,0.0
1488907200,1.0,642.8927746880931,0.0
1488907800,1.0,1431.3538497833488,6.536394051798136
1488908400,1.0,1097.8594898511549,0.0
1488909000,1.0,873.9964530321173,0.0
1488909600,1.0,752.7305541177205,0.0
1488910200,1.0,616.3525974374071,0.0
1488910800,1.0,575.1772314846983,0.0
1488911400,1.0,683.3503747622651,0.0
1488912000,1.0,963.2838515449913,0.0
1488912600,1.0,904.0709467520372,0.0
1488913200,1.0,781.0486790627272,0.0
1488913800,1.0,258.39248920084117,0.0
1488914400,1.0,200.27582560478402,0.0
1488915000,1.0,590.2814963392336,0.0
1488915600,1.0,729.5068808547056,0.0
1488916200,1.0,903.8530068537808,0.0
1488916800,1.0,829.5601052959621,0.0
1488917400,1.0,861.1781058562991,0.0
1488918000,1.0,1133.6991338215566,0.0
1488918600,1.0,814.8179856263533,0.0
1488919200,1.0,628.4531040595083,0.0
1488919800,1.0,662.3160454181618,0.0
1488920400,1.0,569.9096233682278,0.0
1488921000,1.0,541.5516962150508,0.0
1488921600,1.0,310.0028377242852,0.0
1488922200,1.0,386.5711026273056,0.0
1488922800,1.0,394.46787784971383,0.0
1488923400,1.0,144.6993511401283,0.0
1488924000,1.0,178.54088349655416,0.0
1488924600,1.0,183.08037294496108,0.0
1488925200,1.0,146.09497493419013,0.0
1488925800,1.0,137.80359471501515,0.0
1488926400,,,
1488927000,1.0,119.63271706290062,0.0
1488927600,,,
1488928200,,,
1488928800,,,
1488929400,,,
1488930000,,,
1488930600,,,
1488931200,,,
1488931800,,,
1488932400,,,
1488933000,1.0,158.30754100221174,0.0
1488933600,1.0,173.88590741128658,0.0
1488934200,,,
1488934800,1.0,125.96703578284752,0.0
1488935400,,,
1488936000,1.0,204.51748991503646,0.0
1488936600,1.0,290.60880975687803,0.0
1488937200,1.0,330.1118176216558,0.0
1488937800,1.0,282.2286585831956,0.0
1488938400,1.0,223.7080625566571,0.0
1488939000,1.0,187.78023999002582,0.0
1488939600,1.0,192.58695850355926,0.0
1488940200,1.0,184.01471461754693,0.0
1488940800,,,
1488941400,1.0,179.61585099816762,0.0
1488942000,1.0,126.47923108574993,0.0
1488942600,1.0,126.59800937839589,0.0
1488943200,,,
1488943800,1.0,118.97282234579399,0.0
1488944400,1.0,198.5566935736349,0.0
1488945000,1.0,173.7573875688237,0.0
1488945600,1.0,126.72695877101627,0.0
1488946200,,,
1488946800,,,
1488947400,,,
1488948000,,,
1488948600,,,
1488949200,,,
1488949800,,,
1488950400,,,
1488951000,,,
1488951600,,,
1488952200,,,
1488952800,,,
1488953400,,,
1488954000,,,
1488954600,,,
1488955200,,,
1488955800,,,
1488956400,,,
1488957000,,,
1488957600,,,
1488958200,,,
1488958800,,,
1488959400,,,
1488960000,,,
1488960600,,,
1488961200,,,
1488961800,,,
1488962400,,,
1488963000,,,
1488963600,,,
1488964200,,,
1488964800,,,
1488965400,,,
1488966000,,,
1488966600,,,
1488967200,,,
1488967800,,,
1488968400,,,
1488969000,,,
1488969600,,,
1488970200,,,
1488970800,,,
1488971400,,,
1488972000,,,
1488972600,,,
1488973200,,,
1488973800,,,
1488974400,,,
1488975000,,,
1488975600,,,
1488976200,,,
1488976800,,,
1488977400,,,
1488978000,,,
1488978600,,,
1488979200,,,
1488979800,,,
1488980400,,,
1488981000,,,
1488981600,,,
1488982200,,,
1488982800,,,
1488983400,,,
1488984000,,,
1488984600,,,
1488985200,,,
1488985800,,,
1488986400,,,
1488987000,,,
1488987600,,,
1488988200,,,
1488988800,,,
1488989400,,,
1488990000,,,
1488990600,,,
1488991200,,,
1488991800,,,
1488992400,,,
1488993000,,,
1488993600,,,
1488994200,,,
1488994800,,,
1488995400,,,
1488996000,,,
1488996600,,,
1488997200,,,
1488997800,,,
1488998400,,,
1488999000,,,
1488999600,,,
1489000200,,,
1489000800,,,
1489001400,,,
1489002000,,,
1489002600,,,
1489003200,,,
1489003800,,,
1489004400,,,
1489005000,,,
1489005600,,,
1489006200,,,
1489006800,,,
1489007400,,,
1489008000,,,
1489008600,,,
1489009200,,,
1489009800,,,
1489010400,,,
1489011000,,,
1489011600,1.0,,
1489012200,1.0,,
1489012800,1.0,,
1489013400,,,
1489014000,,,
1489014600,1.0,,
1489015200,1.0,,
1489015800,1.0,,
1489016400,1.0,,
1489017000,1.0,,
1489017600,1.0,,
1489018200,1.0,,
1489018800,,,
1489019400,1.0,,
1489020000,,,
1489020600,,,
1489021200,,,
1489021800,,,
1489022400,,,
1489023000,,,
1489023600,,,
1489024200,,,
1489024800,,,
1489025400,,,
1489026000,,,
1489026600,,,
1489027200,,,
1489027800,,,
1489028400,,,
1489029000,,,
1489029600,,,
1489030200,,,
1489030800,,,
1489031400,,,
1489032000,,,
1489032600,,,
1489033200,,,
1489033800,,,
1489034400,,,
1489035000,,,
1489035600,,,
1489036200,,,
1489036800,,,
1489037400,,,
1489038000,,,
1489038600,,,
1489039200,,,
1489039800,,,
1489040400,,,
1489041000,,,
1489041600,,,
1489042200,,,
1489042800,,,
1489043400,,,
1489044000,,,
1489044600,,,
1489045200,,,
1489045800,,,
1489046400,,,
1489047000,1.0,,
1489047600,1.0,,
1489048200,,,
1489048800,1.0,,
1489049400,1.0,,
1489050000,1.0,,
1489050600,,,
1489051200,,,
1489051800,,,
1489052400,,,
1489053000,,,
1489053600,,,
1489054200,,,
1489054800,,,
1489055400,,,
1489056000,,,
1489056600,,,
1489057200,,,
1489057800,,,
1489058400,,,
1489059000,,,
1489059600,,,
1489060200,,,
1489060800,,,
1489061400,,,
1489062000,,,
1489062600,,,
1489063200,,,
1489063800,,,
1489064400,,,
1489065000,,,
1489065600,,,
1489066200,,,
1489066800,,,
1489067400,,,
1489068000,,,
1489068600,,,
1489069200,,,
1489069800,,,
1489070400,,,
1489071000,,,
1489071600,,,
1489072200,,,
1489072800,1.0,,
1489073400,,,
1489074000,,,
1489074600,,,
1489075200,1.0,,
1489075800,,,
1489076400,,,
1489077000,,,
1489077600,1.0,,
1489078200,,,
1489078800,,,
1489079400,,,
1489080000,,,
1489080600,,,
1489081200,1.0,,
1489081800,1.0,,
1489082400,1.0,,
1489083000,1.0,,
1489083600,1.0,,
1489084200,,,
1489084800,,,
1489085400,,,
1489086000,,,
1489086600,,,
1489087200,,,
1489087800,,,
1489088400,1.0,,
1489089000,1.0,,
1489089600,1.0,,
1489090200,1.0,,
1489090800,,,
1489091400,,,
1489092000,,,
1489092600,,,
1489093200,,,
1489093800,,,
1489094400,,,
1489095000,,,
1489095600,,,
1489096200,,,
1489096800,,,
1489097400,,,
1489098000,,,
1489098600,,,
1489099200,,,
1489099800,,,
1489100400,,,
1489101000,,,
1489101600,,,
1489102200,,,
1489102800,,,
1489103400,,,
1489104000,,,
1489104600,,,
1489105200,,,
1489105800,,,
1489106400,,,
1489107000,,,
1489107600,,,
1489108200,,,
1489108800,,,
1489109400,,,
1489110000,,,
1489110600,,,
1489111200,,,
1489111800,,,
1489112400,,,
1489113000,,,
1489113600,,,
1489114200,,,
1489114800,,,
1489115400,,,
1489116000,,,
1489116600,,,
1489117200,,,
1489117800,,,
1489118400,,,
1489119000,,,
1489119600,,,
1489120200,,,
1489120800,,,
1489121400,,,
1489122000,,,
1489122600,,,
1489123200,,,
1489123800,,,
1489124400,,,
1489125000,,,
1489125600,,,
1489126200,,,
1489126800,,,
1489127400,,,
1489128000,,,
1489128600,,,
1489129200,,,
1489129800,,,
1489130400,,,
1489131000,,,
1489131600,,,
1489132200,,,
1489132800,,,
1489133400,,,
1489134000,,,
1489134600,,,
1489135200,,,
1489135800,,,
1489136400,,,
1489137000,,,
1489137600,,,
1489138200,,,
1489138800,,,
1489139400,,,
1489140000,,,
1489140600,,,
1489141200,,,
1489144800,,,
1489145400,,,
1489146000,,,
1489146600,,,
1489152600,,,
1489158600,,,
1489164600,,,
1489170600,,,
1489176600,,,
1489182600,,,
1489188600,,,
1489194600,,,
1489200600,,,
1489206600,,,
1489212600,,,
1489218600,,,
1489224600,,,
1489230600,,,
1489236600,,,
1489242600,,,
1489248600,,,
1489254600,,,
1489260600,,,
1489266600,,,
1489272600,,,
1489278600,,,
1489284600,,,
1489290600,,,
1489296600,,,
1489302600,,,
1489308600,,,
1489314600,,,
1489320600,,,
1489326600,,,
1489332600,,,
1489338600,,,
1489344600,,,
1489351800,,,
1489357800,,,
1489363800,,,
1489369800,,,
1489375800,,,
1489381800,,,
1489387800,,,
1489398000,,,
1489404000,,,
1489410600,,,
1489416600,,,
1489422600,,,
1489428600,,,
1489434600,,,
1489440600,,,
1489446600,,,
1489453200,,,
1489459200,,,
1489465200,,,
1489471200,,,
1489477200,,,
1489483200,,,
1489489200,,,
1489495800,,,
1489501800,,,
1489507800,,,
1489513800,,,
1489519800,,,
1489525800,,,
1489531800,,,
1489537800,,,
1489543800,,,
1489549800,,,
1489555800,,,
1489561800,,,
1489567800,,,
1489573800,,,
1489580400,,,
1489586400,,,
1489592400,,,
1489598400,,,
1489604400,,,
1489610400,,,
1489616400,,,
1489622400,,,
1489628400,,,
1489634400,,,
1489640400,,,
1489646400,,,
1489652400,,,
1489658400,,,
1489664400,,,
1489670400,,,
1489676400,,,
1489682400,,,
1489688400,,,
1489694400,,,
1489700400,,,
1489706400,,,
1489712400,,,
1489718400,,,
1489724400,,,
1489730400,,,
1489736400,,,
1489742400,,,
1489748400,,,
1489754400,,,
1489760400,,,
1489766400,,,
1489772400,,,
1489778400,,,
1489784400,,,
1489790400,,,
1489796400,,,
1489802400,,,
1489808400,,,
1489814400,,,
1489820400,,,
1489828200,,,
1489834200,,,
1489840200,,,
1489846800,,,
1489852800,,,
1489858800,,,
1489864800,,,
1489870800,,,
1489876800,,,
1489882800,,,
1489888800,,,
1489894800,,,
1489900800,,,
1489906800,,,
1489912800,,,
1489918800,,,
1489924800,,,
1489930800,,,
1489936800,,,
1489942800,,,
1489948800,,,
1489954800,,,
1489960800,,,
1489966800,,,
1489972800,,,
1489978800,,,
1489984800,,,
1489990800,,,
1489996800,,,
1490002800,,,
1490008800,,,
1490014800,,,
1490020800,,,
1490026800,,,
1490032800,,,
1490038800,,,
1490044800,,,
1490050800,,,
1490056800,,,
1490062800,,,
1490068800,,,
1490074800,,,
1490080800,,,
1490086800,,,
1490092800,,,
1490098800,,,
1490104800,,,
1490110800,,,
1490116800,,,
1490122800,,,
1490128800,,,
1490134800,,,
1490140800,,,
1490146800,,,
1490152800,,,
1490158800,,,
1490164800,,,
1490170800,,,
1490176800,,,
1490182800,,,
1490188800,,,
1490194800,,,
1490200800,,,
1490206800,,,
1490213400,,,
1490219400,,,
1490225400,,,
1490231400,,,
1490237400,,,
1490243400,,,
1490249400,,,
1490255400,,,
1490261400,,,
1490267400,,,
1490273400,,,
1490279400,,,
1490285400,,,
1490291400,,,
1490297400,,,
1490303400,,,
1490309400,,,
1490315400,,,
1490321400,,,
1490327400,,,
1490333400,,,
1490339400,,,
1490345400,,,
1490351400,,,
1490357400,,,
1490363400,,,
1490369400,,,
1490375400,,,
1490381400,,,
1490387400,,,
1490393400,,,
1490399400,,,
1490405400,,,
1490411400,,,
1490417400,,,
1490423400,,,
1490429400,,,
1490435400,,,
1490441400,,,
1490447400,,,
1490453400,,,
1490459400,,,
1490465400,,,
1490471400,,,
1490477400,,,
1490483400,,,
1490489400,,,
1490495400,,,
1490501400,,,
1490507400,,,
1490513400,,,
1490519400,,,
1490525400,,,
1490531400,,,
1490537400,,,
1490543400,,,
1490549400,,,
1490555400,,,
1490561400,,,
1490567400,,,
1490573400,,,
1490579400,,,
1490585400,,,
1490591400,,,
1490597400,,,
1490603400,,,
1490609400,,,
1490615400,,,
1490621400,,,
1490627400,,,
1490633400,,,
1490639400,,,
1490645400,,,
1490651400,,,
1490657400,,,
1490663400,,,
1490669400,,,
1490675400,,,
1490682000,,,
1490688000,,,
1490694000,,,
1490702400,,,
1490708400,,,
1490714400,,,
1490720400,,,
1490726400,,,
1490732400,,,
1490738400,,,
1490744400,,,
1490750400,,,
1490756400,,,
1490762400,,,
1490768400,,,
1490774400,,,
1490780400,,,
1490786400,,,
1490792400,,,
1490798400,,,
1490804400,,,
1490810400,,,
1490816400,,,
1490822400,,,
1490828400,,,
1490834400,,,
1490840400,,,
1490846400,,,
1490852400,,,
1490858400,,,
1490864400,,,
1490870400,,,
1490876400,,,
1490883000,,,
1490889000,,,
1490895600,,,
1490901600,,,
1490907600,,,
1490913600,,,
1490919600,,,
1490925600,,,
1490931600,,,
1490937600,,,
1490943600,,,
1490949600,,,
1490955600,,,
1490962800,,,
1490968800,,,
1490974800,,,
1490980800,,,
1490986800,,,
1490992800,,,
1490998800,,,
1491004800,,,
1491010800,,,
1491016800,,,
1491022800,,,
1491028800,,,
1491034800,,,
1491040800,,,
1491046800,,,
1491052800,,,
1491058800,,,
1491064800,,,
1491070800,,,
1491077400,,,
1491083400,,,
1491089400,,,
1491095400,,,
1491101400,,,
1491108000,,,
1491114000,,,
1491120000,,,
1491126000,,,
1491132000,,,
1491138000,,,
1491144000,,,
1491150000,,,
1491156000,,,
1491162000,,,
1491168000,,,
1491174000,,,
1491180000,,,
1491186000,,,
1491192000,,,
1491198000,,,
1491204000,,,
1491210000,,,
1491216000,,,
1491222000,,,
1491228000,,,
1491234000,,,
1491240000,,,
1491246000,,,
1491252000,,,
1491258000,,,
1491264000,,,
1491270000,,,
1491276000,,,
1491282000,,,
1491288000,,,
1491303600,,,
1491330000,,,
1491336000,,,
1491342000,,,
1491348000,,,
1491354000,,,
1491360000,,,
1491366000,,,
1491372000,,,
1491378000,,,
1491384000,,,
1491390000,,,
1491396000,,,
1491403800,,,
1491409800,,,
1491415800,,,
1491421800,,,
1491427800,,,
1491433800,,,
1491439800,,,
1491445800,,,
1491451800,,,
1491457800,,,
1491463800,,,
1491470400,,,
1491477000,,,
1491483000,1.0,1017.4580556415092,0.30422756987317284
1491489000,,,
1491495000,,,
1491501000,,,
1491507000,,,
1491513000,,,
1491519000,,,
1491525000,1.0,1595.4495707960446,0.09362896286370044
1491531000,1.0,1686.1612652770264,0.1933832516694832
1491537000,,,
1491543000,1.0,1856.2458952525888,0.06509674253378557
1491549000,1.0,361.4542113906625,0.12564022313006332
1491555000,,,
1491561000,,,
1491567000,,,
1491573000,,,
1491579000,,,
1491585000,,,
1491591000,,,
1491597000,,,
1491603000,1.0,186.29277655185783,0.31359546162059004
1491609000,1.0,84.56865722896107,0.15402981387114786
1491615000,,,
1491621000,1.0,,
1491627000,1.0,,
1491633000,1.0,60.226694884988824,0.7497613410205944
1491639000,,,
1491646200,,,
1491652200,,,
1491658200,,,
1491664200,,,
1491670200,,,
1491676200,,,
1491687000,,,
1491693000,,,
1491699000,,,
1491707400,,,
1491714000,1.0,116.78474008130243,0.7047721460299969
1491720000,1.0,,
1491726000,1.0,,
1491732000,,,
1491738000,,,
1491744000,,,
1491750000,,,
1491756000,,,
1491762000,,,
1491769200,1.0,,
1491775200,1.0,45.64335166222972,0.4997580172957633
1491783600,1.0,,
1491793800,1.0,,
1491800400,,,
1491806400,,,
1491832800,,,
1491838800,,,
1491844800,1.0,119.80034302843315,0.8599157063210151
1491850800,1.0,141.09332344783243,0.5524585909716642
1491856800,1.0,1785.4224024887915,0.9142090916503932
1491862800,1.0,569.4582399400813,0.7682162105000824
1491868800,1.0,909.1583814951172,0.4640803912841907
1491874800,1.0,395.6495382506726,0.2381886522455457
1491880800,1.0,608.5110489990932,0.6338184849968074
1491886800,1.0,231.09417485100568,0.8433624168889438
1491892800,1.0,339.46020444651225,0.05073292317922125
1491898800,1.0,70.72649250892219,0.25511305606354817
1491904800,,,
1491910800,,,
1491916800,,,
1491922800,,,
1491928800,,,
1491934800,,,
1491940800,,,
1491946800,1.0,465.90258372853447,0.11919853354705942
1491952800,1.0,839.1506284389546,0.15743222103758026
1491958800,1.0,569.7923650673314,0.3156766889575699
1491964800,1.0,356.8135770602325,0.4719061012025759
1491970800,1.0,190.55375723557285,0.8286633911920154
1491976800,1.0,88.52823993862899,0.9305537061179204
1491982800,,,
1491988800,,,
1491994800,,,
1492001400,1.0,178.9105293859791,0.9001796332273109
1492007400,1.0,344.3559870826527,0.259029266974013
1492013400,,,
1492019400,1.0,272.11788579785787,0.20143441546763524
1492025400,,,
1492031400,1.0,730.7446863787449,1.0
1492037400,,,
1492043400,1.0,285.198928567528,0.7093267858966338
1492049400,,,
1492055400,,,
1492061400,,,
1492067400,1.0,39.25187693475023,0.6784373700743747
1492073400,,,
1492079400,,,
1492085400,1.0,498.57279271400887,0.8496194012507696
1492091400,1.0,416.98293550366,0.9210796866709496
1492097400,,,
1492103400,1.0,366.8605663251742,0.0932663259752811
1492109400,1.0,756.8482221532314,0.5307710777177655
1492115400,1.0,854.3309211380322,0.7475509457937712
1492121400,,,
1492127400,1.0,225.9580922555144,0.6326307292325007
1492133400,,,
1492139400,,,
1492145400,,,
1492151400,1.0,95.60740286901432,0.5562777344009837
1492157400,,,
1492163400,,,
1492169400,1.0,324.38881178058364,0.08410419665173965
1492175400,1.0,253.3410134659521,0.6332709064357409
1492181400,1.0,420.57130275454637,0.7257720557148281
1492187400,1.0,270.59895441490954,0.6998693799514152
1492193400,1.0,426.9623254000967,0.1904261461752532
1492199400,,,
1492205400,,,
1492211400,1.0,373.10455098785485,0.1353574150246942
1492217400,1.0,270.1846495287778,0.162465151938807
1492223400,1.0,202.2592738754749,0.11418707467824404
1492229400,1.0,146.18444231423985,0.1134028316160634
1492235400,1.0,717.2086991617745,0.15644580546786388
1492241400,1.0,578.0852021265447,0.34563218295088394
1492247400,1.0,164.93252792594575,0.6177099162346493
1492253400,1.0,228.49183345252357,0.37222653812343204
1492259400,,,
1492265400,,,
1492271400,,,
1492277400,1.0,471.093199877896,0.4173382782961447
1492283400,1.0,747.5075239909694,0.07997937630680788
1492289400,1.0,1113.16543482444,0.475433802204605
1492295400,1.0,967.4967914358696,0.12097044798798798
1492301400,1.0,657.3005924704305,0.2026685912025709
1492307400,1.0,479.0806766836928,0.0864442323165421
1492313400,1.0,825.671753508322,0.5859258140164297
1492319400,1.0,857.4170773522408,0.2320664105517745
1492325400,1.0,428.8321815233351,0.10050203568259636
1492331400,1.0,125.65461374192499,0.5033980462313867
1492337400,,,
1492343400,,,
1492349400,,,
1492355400,,,
1492361400,1.0,102.5445022084956,0.5013771529368142
1492367400,1.0,111.31007252679134,0.7518107031905021
1492373400,1.0,610.6223249950052,0.3471060896585485
1492379400,1.0,534.8442435026802,0.2614996038149073
1492385400,1.0,1281.6104467187392,0.4426610102914141
1492391400,1.0,575.3017505101467,0.6741449609492574
1492397400,1.0,1012.5266023981288,0.1109611234915008
1492403400,1.0,692.0317755926227,0.007841397330856285
1492409400,1.0,188.02972686517668,0.5892175796944416
1492415400,,,
1492421400,,,
1492427400,,,
1492433400,,,
1492439400,,,
1492445400,,,
1492451400,,,
1492457400,1.0,51.080816891274345,0.4943439832753023
1492463400,1.0,935.7089350640373,0.2746547192029147
1492469400,1.0,1088.6129216582838,0.3117095668644626
1492475400,1.0,578.5892260100353,0.05595777888732492
1492481400,1.0,998.7372331231613,0.6950510976930079
1492487400,1.0,1352.2551605436074,0.26260197317936423
1492493400,1.0,911.2997372119867,0.5410212413821628
1492499400,1.0,492.7623642666427,0.1870111439532271
1492505400,1.0,1030.2384847260853,0.8476837309371494
1492511400,1.0,608.5113914335906,0.410462430687092
1492520400,1.0,612.7628296780259,0.3119499993628854
1492526400,,,
1492532400,,,
1492538400,1.0,1186.715630439926,0.7582731902886154
1492544400,,,
1492550400,,,
1492556400,1.0,1964.7705173640827,0.8190984217742131
1492562400,,,
1492568400,,,
1492576200,,,
1492582200,,,
1492588200,,,
1492594200,1.0,2015.9635572250595,0.615376459160804
1492600200,,,
1492606200,,,
1492612200,,,
1492618200,,,
1492624200,,,
1492630200,,,
1492636200,,,
1492642200,,,
1492648200,,,
1492654200,,,
1492660200,1.0,892.8097031418225,0.4114437727508538
1492666200,1.0,947.5213024411853,0.7148425202909553
1492672200,,,
1492678200,,,
1492684200,,,
1492690200,,,
1492696200,,,
1492702200,,,
1492708200,,,
1492714200,1.0,1096.4140355211837,0.4734526143013011
1492720200,1.0,1014.0546070547356,0.9382377765384058
1492726200,1.0,1136.7985351296809,0.8463451164674787
1492732200,,,
1492738200,1.0,417.9198856043634,0.6935106964894467
1492744200,1.0,102.32738983749184,0.1774532003406931
1492750200,1.0,101.82215393718114,0.3827844920092757
1492756200,1.0,333.2953771933609,0.11821593972336818
1492762200,1.0,76.50864033694762,0.5001216089282654
1492768200,1.0,207.77582549028855,0.5560049923001406
1492774200,,,
1492780200,,,
1492786200,,,
1492792200,1.0,197.1660498649453,0.14727247924684486
1492798200,1.0,317.6808623629717,0.6189381320645373
1492804200,1.0,635.6052183419569,0.5745426410929443
1492810200,1.0,648.8121537814151,0.8636216951674418
1492816200,1.0,293.7562151222245,0.8321944000614201
1492822200,1.0,1289.9305324245236,0.9156224339002988
1492828200,,,
1492834200,,,
1492840200,,,
1492846200,,,
1492852200,,,
1492858200,,,
1492864200,,,
1492870200,,,
1492876200,,,
1492882200,,,
1492888200,,,
1492894200,,,
1492900200,1.0,74.52893457908614,0.4047242087612289
1492906200,,,
1492912200,,,
1492918200,1.0,73.91931005345386,0.5000341849469748
1492924200,1.0,99.03544854411234,0.7173278054541046
1492930200,1.0,193.78454781050377,0.8592035190861868
1492936200,1.0,52.40780405544322,0.2535239468791494
1492942200,,,
1492948200,,,
1492954200,,,
1492960200,,,
1492966200,,,
1492972200,,,
1492978200,,,
1492984200,1.0,407.7684387579772,0.596457463444777
1492990200,1.0,68.86555772768496,0.6039926956167239
1492996200,1.0,56.003501110179606,0.6643986811075007
1493002200,1.0,192.72689711951224,0.5566762072133737
1493008200,,,
1493014200,,,
1493020200,,,
1493026200,,,
1493032200,,,
1493039400,1.0,118.2395840930379,0.7425148580097377
1493045400,,,
1493051400,,,
1493057400,1.0,297.47581452703633,0.4228820078061608
1493063400,,,
1493069400,1.0,2016.449884014032,0.3668323767299335
1493075400,1.0,1055.5606797157784,0.7983981734638034
1493081400,1.0,256.34626957022635,0.3559933471575548
1493087400,1.0,112.94926664948034,0.7047607084441212
1493093400,1.0,1156.1161137494494,0.4252343741807871
1493099400,1.0,325.0698956315165,0.559355274441647
1493105400,1.0,323.56583621880804,0.8041358560390228
1493111400,1.0,245.40034386479093,0.5121842734822917
1493117400,1.0,847.3837781644618,0.6543679559149238
1493123400,,,
1493129400,,,
1493135400,,,
1493141400,1.0,747.5038474321344,0.2180328275519621
1493147400,1.0,139.58816657831096,0.16062089516228115
1493153400,1.0,693.5447382908444,0.02814864140457568
1493159400,1.0,570.9418440699542,0.5356596241548822
1493165400,1.0,95.13479359729523,0.28897689589240505
1493171400,1.0,275.01700050365645,0.09240604539398194
1493177400,1.0,303.53167449586175,0.7722157491915767
1493183400,1.0,317.5118714156623,0.387682459510395
1493189400,1.0,377.3197396329924,0.8132898285866269
1493195400,1.0,939.9383725439008,0.8268421437190357
1493201400,,,
1493207400,,,
1493213400,,,
1493219400,,,
1493225400,,,
1493231400,,,
1493237400,,,
1493243400,,,
1493249400,1.0,862.6775876846292,0.5746127045880565
1493255400,,,
1493261400,,,
1493267400,,,
1493273400,,,
1493279400,1.0,810.8921108090236,0.8519331518930626
1493285400,,,
1493291400,,,
1493297400,,,
1493303400,,,
1493309400,,,
1493315400,,,
1493321400,1.0,966.4606674418567,0.27482426340027843
1493327400,1.0,914.5352001956693,0.6212477175539189
1493333400,,,
1493339400,1.0,1485.8772049103648,0.16153417381908206
1493345400,1.0,1693.0152709943145,0.2593987053629727
1493351400,1.0,951.1535159838679,0.12091403242644813
1493357400,,,
1493363400,1.0,430.31814019536796,0.5184161877604961
1493369400,1.0,515.2606982243769,0.3772837767875533
1493375400,1.0,403.31158973161837,0.4904205836967426
1493381400,1.0,414.9762423391306,0.4651380923406777
1493387400,1.0,244.3420799895423,0.8837980378367989
1493393400,,,
1493399400,,,
1493405400,1.0,469.79640456062486,0.10255231676299456
1493411400,1.0,881.5281883132861,0.6747792478244248
1493417400,1.0,602.1271382160272,0.3672780420852131
1493423400,1.0,148.07549312308853,0.5544144160972196
1493429400,1.0,66.37160577033436,0.7780641091133382
1493435400,1.0,89.11879304782471,0.9495349017198782
1493441400,1.0,252.28414531339612,0.9626881237547988
1493447400,1.0,113.1438422403618,0.916763563129628
1493453400,1.0,494.10988268014887,0.16884102045361846
1493459400,,,
1493465400,1.0,338.35418120770225,0.06298749168613117
1493471400,,,
1493477400,,,
1493483400,,,
1493489400,1.0,773.7163623054845,0.08319742264458545
1493495400,1.0,961.0964736672437,0.6982245962349186
1493501400,1.0,832.0940993494553,0.1346233357622461
1493507400,1.0,878.7152840072957,0.2434577283055259
1493513400,1.0,684.6041407509622,0.5315611611410165
1493519400,,,
1493525400,,,
1493531400,,,
1493537400,,,
1493543400,,,
1493549400,,,
1493555400,,,
1493561400,,,
1493567400,,,
1493573400,,,
1493579400,1.0,418.96148660568537,0.12580115827411978
1493585400,1.0,526.4917657283595,0.2459306666739532
1493591400,1.0,216.1960523074341,0.9646883641863409
1493597400,1.0,624.5041112497089,0.976054810326646
1493603400,1.0,391.030160191242,0.8699140929981509
1493609400,1.0,506.8682690010722,0.9398683806382035
1493615400,1.0,377.9723989612629,0.91723756696346
1493621400,1.0,275.9779926029279,0.903445436350586
1493627400,1.0,115.25976319675287,0.15710110405451125
1493633400,,,
1493639400,,,
1493645400,1.0,266.3476826387748,0.23179654638941666
1493651400,1.0,199.8096624117421,0.4627150475698796
1493657400,1.0,559.561161515318,0.6861573012197831
1493663400,1.0,273.84306484982443,0.51287052383942
1493669400,1.0,284.98180095448413,0.4207334267024326
1493675400,1.0,294.32217326018935,0.3831122111081495
1493681400,1.0,321.8465752973267,0.32597831462494564
1493687400,1.0,138.88690612650558,0.6265075693016399
1493693400,,,
1493699400,,,
1493705400,,,
1493711400,,,
1493717400,,,
1493723400,,,
1493729400,,,
1493735400,,,
1493741400,,,
1493747400,,,
1493753400,1.0,226.39753234874647,0.5570136169995454
1493759400,1.0,880.636249180179,0.7930132168549912
1493765400,1.0,755.6822709095717,0.03601962922322896
1493771400,1.0,300.46411674680905,0.6653610832750125
1493777400,1.0,326.81757690058487,0.5052900009819101
1493783400,1.0,275.79254638352256,0.4727098026191538
1493789400,1.0,280.80067233627284,0.9139625471529236
1493795400,,,
1493802000,,,
1493808000,,,
1493814000,,,
1493820000,,,
1493826000,,,
1493832000,,,
1493838000,,,
1493844000,1.0,35.7475482826172,0.3493188878734952
1493850000,1.0,129.60527115534612,0.6167709063297386
1493856000,,,
1493862000,,,
1493868000,,,
1493874000,,,
1493880000,,,
1493886000,,,
1493892000,,,
1493898000,,,
1493904000,,,
1493910000,,,
1493916000,,,
1493922000,1.0,316.4158582905071,0.6440058293675389
1493928000,1.0,249.2059175871105,0.9567031074280032
1493934000,1.0,791.1935213298552,0.2762035248031886
1493940000,1.0,367.2393208481237,0.7576702042608922
1493946000,1.0,918.237617845056,0.9547818595564802
1493952000,1.0,1064.4459518950355,0.9736409255827834
1493958000,1.0,167.25940147531406,0.2963526537668711
1493964000,1.0,1189.9691874329358,0.6588702939588577
1493970000,,,
1493976000,1.0,437.6335359316958,0.15220443430230232
1493982000,,,
1493988000,,,
1493994000,,,
1494000000,,,
1494006000,1.0,815.2211902946959,0.1186308087668954
1494012000,,,
1494018000,1.0,390.9382879505615,0.9139702308138956
1494024000,1.0,709.431254727545,0.5349601204762977
1494030000,1.0,1135.6728036057386,0.4174233060427083
1494036000,1.0,1129.0522507073629,0.9558164646971152
1494042000,1.0,1080.202946763585,0.9180013000126532
1494048000,1.0,898.7641382616213,0.38044948131256906
1494054000,1.0,379.8424696920826,0.6436081853469259
1494060000,1.0,677.2746035412415,0.6801067385477492
1494066000,1.0,493.19327558803116,0.9278317329324928
1494072000,1.0,447.71722612316535,0.6942674886752065
1494078000,1.0,390.75274324781,0.8875545286652985
1494084000,1.0,564.2787225708241,0.02108029376293602
1494090000,1.0,362.13561114778196,0.4889078848555887
1494096000,1.0,265.1263864368486,0.6335730535378558
1494102000,1.0,76.68849942355476,0.4047778128108896
1494108000,1.0,181.27562102659905,0.8290255859482126
1494114000,1.0,289.97888417056856,0.6657019801577262
1494120000,1.0,141.2600916143907,0.1462427299709387
1494126000,,,
1494132000,,,
1494138000,,,
1494144000,,,
1494150000,,,
1494156000,,,
1494162000,,,
1494168000,,,
1494174000,,,
1494180000,1.0,146.53420427382346,0.6890221276640849
1494186000,1.0,84.16535159234563,0.4951575878486194
1494192000,1.0,994.4316360249201,0.21278179898255647
1494198000,1.0,1207.4141988873107,0.7905596277201612
1494204000,1.0,890.2637219219957,0.5004819766986089
1494210000,1.0,328.99718910545005,0.35835736354001363
1494216000,1.0,453.72257183778504,0.7962274468071339
1494222000,1.0,123.76855552158912,0.8306284777027484
1494228000,,,
1494236400,,,
1494242400,,,
1494248400,,,
1494254400,,,
1494260400,,,
1494266400,,,
1494272400,1.0,418.78344951026565,0.4939450491421684
1494278400,,,
1494284400,,,
1494290400,1.0,560.6448660668109,0.7131062814311355
1494296400,1.0,429.9932759342448,0.884641043497229
1494302400,1.0,626.2665034136952,0.8065724716942705
1494308400,1.0,604.5421161123678,0.34698442559544906
1494314400,1.0,162.9876571263779,0.11113882734124422
1494320400,,,
1494326400,,,
1494332400,,,
1494338400,,,
1494344400,,,
1494350400,1.0,933.7321963736148,0.36027672845391706
1494356400,1.0,147.0238412502255,0.06346551588926069
1494362400,,,
1494368400,1.0,764.8782557350137,0.9263641028049202
1494374400,1.0,292.5875755578677,0.5647026732943281
1494380400,1.0,287.99164390892736,0.6192419456266953
1494386400,1.0,539.4434017152835,0.5237899725863175
1494392400,1.0,1207.3154785402392,0.15725210050750182
1494398400,1.0,265.02868893002517,0.5808095946606465
1494404400,1.0,507.3382660136997,0.3546971083556953
1494410400,1.0,522.0572807861513,0.7099573526380465
1494416400,1.0,656.0675212142096,0.3621408655810676
1494422400,1.0,421.64820196513983,0.3174034597521301
1494428400,1.0,808.1085343064343,0.35572550460758057
1494434400,,,
1494440400,1.0,522.6672386027227,0.09836480215830183
1494446400,,,
1494452400,,,
1494458400,1.0,546.7381731776629,0.886088081367362
1494464400,,,
1494470400,,,
1494476400,,,
1494482400,1.0,727.2773167093213,0.7895442051082601
1494488400,,,
1494494400,,,
1494500400,,,
1494507000,,,
1494513000,,,
1494519000,,,
1494525000,,,
1494531000,1.0,1966.723643804489,0.4542569438087936
1494537000,,,
1494543000,,,
1494549000,,,
1494555000,1.0,1178.140621942389,0.19748468149273554
1494561000,,,
1494567000,,,
1494573000,,,
1494579000,,,
1494585000,,,
1494591000,,,
1494597000,,,
1494603000,,,
1494609000,,,
1494615000,1.0,1316.1185795746308,0.8043545159254666
1494621000,1.0,729.1869954792578,0.3934847894789063
1494627000,,,
1494633600,1.0,1882.0882618137405,0.92874813871678
1494639600,1.0,597.7399968753767,0.9053065655449916
1494645600,1.0,687.2402581539873,0.2359995313938549
1494651600,1.0,300.68699800405545,0.33326524861245393
1494657600,1.0,121.84024802525572,0.4523343675211527
1494663600,1.0,152.13399195146133,0.4265582150022566
1494669600,1.0,536.8545702513272,0.3289582730045412
1494675600,1.0,616.3002311951033,0.09039310221314396
1494681600,1.0,514.0756259761419,0.7854453333351119
1494687600,1.0,403.4747285843583,0.8443246098326826
1494693600,,,
1494699600,1.0,1318.2930518038338,0.972846294825384
1494705600,1.0,241.28284072086888,0.15626748512055724
1494711600,1.0,475.92745506182786,0.2505178862427433
1494717600,1.0,575.3175918420673,0.7276724366655727
1494723600,1.0,511.44786740723157,0.2425062572881648
1494729600,1.0,316.8086218907278,0.08622035353245815
1494735600,1.0,209.39065547743422,0.7029259323122389
1494741600,1.0,127.7801509393696,0.5516543033761527
1494747600,,,
1494753600,1.0,170.48116195915574,0.6890648426496377
1494759600,1.0,150.78334132256703,0.8900425248203779
1494765600,1.0,117.09983163367365,0.8609261253539153
1494771600,,,
1494777600,1.0,96.53053777175992,0.744001703086534
1494783600,,,
1494789600,1.0,172.04439655296872,0.5057270571571075
1494795600,,,
1494801600,1.0,159.51534510181074,0.3604070604574457
1494807600,,,
1494813600,,,
1494819600,,,
1494825600,,,
1494831600,,,
1494843600,,,
1494861600,,,
1494868200,,,
1495468800,,,
1495474800,1.0,228.52625034303642,0.4988156748320992
1495480800,,,
1495486800,1.0,1758.686289961273,0.499391739657806
1495492800,1.0,1183.4654565281055,0.17237338310681175
1495498800,1.0,1256.6864034404246,0.7388233084527689
1495504800,1.0,1303.203213502862,0.8586529880889959
1495510800,1.0,1845.673378858356,0.6147878105332932
1495516800,1.0,889.9932859499703,0.04564478395786962
1495522800,1.0,212.13590134189297,0.5016256495477386
1495528800,1.0,302.91409622849375,0.21012902045230045
1495540200,,,
1495546200,,,
1495552200,1.0,196.73251989684098,0.4618974980721733
1495558200,1.0,401.58647617702127,0.2281013898421692
1495564200,,,
1495570200,,,
1495576200,1.0,1397.777157391746,0.37968901088206175
1495582200,1.0,857.3539741390331,0.6356752684071985
1495588200,1.0,1095.7590418302987,0.7906422435528544
1495594200,1.0,806.4477296647735,0.09866048372690624
1495600200,1.0,644.0862515167933,0.29990151426617195
1495606200,1.0,250.8726044238995,0.8486285853898249
1495612200,,,
1495618200,,,
1495624200,,,
1495630200,,,
1495636200,,,
1495642200,,,
1495648200,,,
1495654200,1.0,216.60614801297456,0.4343733370266679
1495660200,1.0,508.4210785902064,0.6725904511011138
1495666200,1.0,972.2304259345634,0.442379696260856
1495672200,1.0,141.10008987833737,0.9621262323882632
1495678200,1.0,159.493240571547,0.9010611645261848
1495684200,1.0,729.4363072379781,0.9022043748879708
1495690200,1.0,761.2002054997438,0.857863102347471
1495696200,1.0,79.49262110290789,0.5229813887456811
1495702200,,,
1495708200,,,
1495714200,,,
1495720200,,,
1495726200,1.0,647.2168497916633,0.6626633421176333
1495732200,1.0,492.93462070339996,0.39246462683763816
1495738200,1.0,102.14458148364284,0.6793313689289475
1495744200,1.0,222.79125191819543,0.8934391011767358
1495750200,1.0,509.7304894121718,0.3616857507499954
1495756200,1.0,570.6670672000728,0.04394399410720353
1495762200,1.0,506.0359781277797,0.8272136540259625
1495768200,,513.6428532892057,0.5072442046590219
1495774200,,,
1495780200,1.0,688.4030300250117,0.3613721901871578
1495786200,1.0,274.4709089680436,0.17328759601606047
1495794000,1.0,111.20436758545686,0.7424471528903543
1495800000,,,
1495806000,,,
1495812000,,,
1495818000,,,
1495824000,1.0,154.69003963670946,0.629038622616506
1495830000,1.0,575.8902875724258,0.5354404479545466
1495836000,1.0,351.4162023266944,0.9464778080615256
1495842000,1.0,302.5174809709526,0.7511399164062317
1495848000,1.0,314.5834878213901,0.1808455869257819
1495854000,1.0,94.62200934137527,0.7047419117294059
1495860000,1.0,47.189272164789784,0.7410502192567807
1495866000,1.0,147.6361937348615,0.8280976556136099
1495872000,,,
1495878000,1.0,220.7309525838723,0.8284729669499359
1495884000,,,
1495890000,,,
1495896000,,,
1495902000,1.0,129.05092228639032,0.14747732462433413
1495908000,,,
1495914000,1.0,193.19862903545715,0.6886357773889448
1495920000,,,
1495926000,,,
1495932000,1.0,75.25808912915386,0.10589750359119826
1495938000,1.0,546.8313427348611,0.8310518878612428
1495944000,,,
1495950000,,,
1495956000,,,
1495962000,1.0,123.10225645062893,0.6051463983217951
1495968000,1.0,318.996175173526,0.3069734073600965
1495974000,,,
1495980000,,,
1495986000,1.0,140.75467467010756,0.5873669552605889
1495992000,1.0,50.93535356295648,0.4189912568324822
1495998000,1.0,174.2923119811759,0.8295138297017287
1496004000,,,
1496010000,1.0,147.93287040078962,0.6182064109349872
1496016000,1.0,53.75003828648508,0.19432473699463546
1496022000,1.0,442.8030448038074,0.4203731512513851
1496028000,1.0,116.82144043500513,0.8306408188062591
1496034000,,,
1496040000,,,
1496046000,1.0,176.02205482202308,0.16081647808899846
1496052000,1.0,184.715288222175,0.2864942930223657
1496058000,,,
1496064000,,,
1496070000,,,
1496078400,,,
1496084400,1.0,589.7964331375521,0.8315492139720615
1496090400,1.0,235.16560449887348,0.33929538234880824
1496096400,1.0,193.3173696301816,0.5005134452014285
1496102400,1.0,105.79263526333122,0.34619817812576803
1496108400,1.0,380.6433214495192,0.3510591434501095
1496114400,1.0,58.341060511645296,0.4945766336326127
1496120400,1.0,216.2021950847913,0.4343157261207377
1496126400,,,
1496133000,1.0,,
1496139000,1.0,193.76842344273118,0.3112839351038392
1496145000,,121.67863741155405,0.8284197274326255
1496151000,1.0,183.4031241183443,0.3645742836064791
1496157000,,90.91444569051822,0.5782634275453044
1496163000,,,
1496169000,1.0,920.2787459354416,0.5073848555475452
1496175000,1.0,1147.0378484200169,0.8045836803284738
1496181000,1.0,762.6176420125915,0.05883369998660728
1496187000,1.0,616.2703779723313,0.11837970157678247
1496193000,1.0,705.9199759554526,0.3100165523209698
1496199000,1.0,230.1429263132457,0.2291958042493445
1496205000,1.0,677.4748171723314,0.5323106543358038
1496211000,1.0,155.95757363147732,0.6940173819937571
1496217000,,,
1496223000,,,
1496229000,,,
1496235000,,,
1496241000,,,
1496247000,,,
1496253000,,,
1496259000,,,
1496265000,1.0,295.8326930783193,0.6187960747364224
1496271000,1.0,809.1375497763382,0.8401005430034051
