"('DATETIME', 'REAL', 'PREDICTED')"
1468011600,73.0982,72.0007
1468012200,74.8865,72.0007
1468012800,76.213,72.0007
1468013400,77.4998,72.0007
1468014000,78.4817,72.0007
1468014600,79.1852,72.0007
1468015200,80.0503,72.0007
1468015800,80.083,72.0007
1468016400,78.6965,72.0007
1468017000,77.1308,72.0007
1468017600,76.514,72.0007
1468018200,75.9785,72.0007
1468018800,74.7253,72.0007
1468171200,72.598,72.0007
1468171800,75.443,72.0007
1468172400,76.6635,72.0007
1468173000,76.9013,72.0007
1468173600,77.1127,72.0007
1468174200,76.753,72.0007
1468174800,75.886,72.0007
1468175400,75.7848,72.0007
1468176000,75.4383,72.0007
1468176600,75.4145,72.0007
1468177200,74.7302,72.0007
1468177800,73.105,72.0007
1468350600,72.1232,72.0007
1468351200,74.7977,72.0007
1468351800,77.0587,72.0007
1468352400,78.2685,72.0007
1468353000,78.5933,72.0007
1468353600,78.3055,72.0007
1468354200,77.663,72.0007
1468354800,77.0275,72.0007
1468355400,76.411,72.0007
1468356000,75.722,72.0007
1468356600,74.9177,72.0007
1468357200,74.0738,72.0007
1468357800,73.3223,72.0007
1468358400,72.9125,72.0007
1468348200,72.9472,72.0007
1468348800,76.0737,72.0007
1468349400,77.5932,72.0007
1468350000,78.2575,72.0007
1468350600,78.8947,72.0007
1468351200,79.3753,72.0007
1468351800,80.232,72.0007
1468352400,81.0455,72.0007
1468353000,80.9263,72.0007
1468353600,80.2257,72.0007
1468354200,79.8318,72.0007
1468354800,79.3097,72.0007
1468355400,78.8572,72.0007
1468356000,78.5228,72.0007
1468356600,78.2073,72.0007
1468357200,77.6512,72.0007
1468357800,77.4217,72.0007
1468358400,77.2513,72.0007
1468359000,75.8937,72.0007
1468359600,74.6222,72.0007
1468360200,74.8072,72.0007
1468360800,74.9732,72.0007
1468361400,74.8835,72.0007
1468362000,74.6013,72.0007
1468362600,73.5487,72.0007
1468363200,72.3932,72.0007
1468363800,72.218,72.0007
1468521600,73.3062,72.0007
1468522200,75.7892,72.0007
1468522800,77.5277,72.0007
1468523400,78.4775,72.0007
1468524000,79.1712,72.0007
1468524600,79.8855,72.0007
1468525200,80.4072,72.0007
1468525800,80.1657,72.0007
1468526400,79.4802,72.0007
1468527000,78.3778,72.0007
1468527600,76.4102,72.0007
1468528200,75.9718,72.0007
1468528800,76.0588,72.0007
1468529400,75.7067,72.0007
1468530000,73.347,72.0007
1468530600,72.91,72.0007
1468535400,72.605,72.0007
1468536000,73.1888,72.0007
1468536600,72.8217,72.0007
1468537200,72.6665,72.0007
1468537800,72.964,72.0007
1468538400,73.1703,72.0007
1468539000,73.3388,72.0007
1468539600,73.5573,72.0007
1468540200,73.3523,72.0007
1468540800,72.7705,72.0007
1468541400,72.0545,72.0007
1468548600,72.9057,72.0007
1468549200,73.592,72.0007
1468549800,74.3713,72.0007
1468550400,74.0963,72.0007
1468551000,74.2267,72.0007
1468551600,74.749,72.0007
1468552200,74.5175,72.0007
1468552800,73.4737,72.0007
1468614600,73.2724,72.0007
1468615200,75.448,72.0007
1468615800,76.9276,72.0007
1468616400,78.0596,72.0007
1468617000,78.9063,72.0007
1468617600,79.4244,72.0007
1468618200,79.9222,72.0007
1468618800,79.9765,72.0011358845
1468619400,79.4898,72.0007
1468620000,79.0601,72.0007
1468620600,78.2767,72.0007
1468621200,76.7088,72.0007
1468621800,74.2636,72.0007
1468622400,72.0218,72.0007
1468632000,72.5709,72.0007
1468632600,72.0357,72.0007
1468636200,72.441,72.0007
1468636800,72.9303,72.0007
1468637400,73.2483,72.0007
1468638000,73.4667,72.0007
1468638600,73.542,72.0007
1468639200,73.32,72.0007
1468639800,72.4983,72.0007
1468710000,72.7758,72.0007
1468710600,72.3824,72.0007
1468888200,75.0798,72.0007
1468888800,78.4503,72.0013707062
1468889400,80.669,72.0138753069
1468890000,81.633,72.0007
1468890600,82.0505,72.0007
1468891200,82.1945,72.0007
1468891800,82.3338,72.0007
1468892400,82.5393,72.0007
1468893000,82.7602,72.0007
1468893600,82.914,72.0007
1468894200,82.9918,72.0007
1468894800,82.9882,72.0007
1468895400,82.7662,72.0007
1468896000,82.3088,72.0007
1468896600,81.71,72.0007
1468897200,81.1307,72.0007
1468897800,80.6835,72.0007
1468898400,80.2407,72.0007
1468899000,79.7667,72.0007
1468899600,79.1948,72.0007
1468900200,78.4385,72.0007
1468900800,77.3643,72.0007
1468901400,74.7185,72.0007
1468348200,72.3127,72.0007
1468348800,75.3192,72.0007
1468349400,76.8183,72.0007
1468350000,76.8672,72.0007
1468350600,76.8737,72.0007
1468351200,76.4912,72.0007
1468351800,76.9978,72.0007
1468352400,77.6322,72.0007
1468353000,77.5047,72.0007
1468353600,76.9228,72.0007
1468354200,76.321,72.0007
1468354800,75.9107,72.0007
1468355400,75.7442,72.0007
1468356000,75.6615,72.0007
1468356600,75.6002,72.0007
1468357200,75.45,72.0007
1468357800,75.4778,72.0007
1468358400,75.4885,72.0007
1468359000,72.7435,72.0007
1468360200,72.1232,72.0007
1468360800,72.3039,72.0007
1468361400,72.2,72.0007
1468362000,72.3003,72.0007
1468362600,72.0932,72.0007
1468528800,72.5693,72.0007
1468529400,72.5222,72.0007
1468619400,72.9226,72.0007
1468620000,73.8282,72.0007
1468620600,74.8424,72.0007
1468621200,74.9853,72.0007
1468621800,73.0947,72.0007
1468624200,72.7714,72.0007
1468624800,72.3843,72.0007
1468625400,72.1263,72.0007
1468626000,72.2078,72.0007
1468626600,72.6735,72.0007
1468627200,72.9946,72.0007
1468627800,72.9181,72.0007
1468628400,72.9033,72.0007
1468629000,73.191,72.0007
1468629600,73.5606,72.0007
1468630200,73.3681,72.0007
1468630800,73.3353,72.0007
1468631400,73.5785,72.0007
1468632000,73.6801,72.0007
1468632600,73.0992,72.0007
1468634400,72.0863,72.0007
1468635000,72.0803,72.0007
1468635600,72.2209,72.0007
1468636200,72.2513,72.0007
1468713600,74.5578,72.0007
1468714200,74.9802,72.0007
1468714800,74.4265,72.0007
1468715400,74.2727,72.0007
1468716000,73.3083,72.0007
1468719600,72.7402,72.0007
1468720200,74.0322,72.001193612
1468720800,75.0223,72.0007
1468721400,72.7725,72.0007
1468887000,72.5207,72.0007
1468887600,74.9435,72.0007
1468888200,76.7217,72.0007
1468888800,78.2898,72.0076148903
1468889400,79.7122,72.0125216587
1468890000,80.5558,72.0007
1468890600,80.6737,72.0007
1468891200,80.6,72.0007
1468891800,80.626,72.0007
1468892400,80.7935,72.0016263371
1468893000,80.9752,72.0007
1468893600,81.1,72.0007
1468894200,81.0683,72.0007
1468894800,81.0133,72.0007
1468895400,80.9748,72.0007
1468896000,80.4988,72.0007
1468896600,79.038,72.0007
1468897200,78.026,72.0007
1468897800,77.2667,72.0007
1468898400,76.9293,72.0007
1468899000,76.2043,72.0007
1468899600,74.7637,72.0007
1468900200,73.1767,72.0007
1468957200,72.267,72.0007
1468957800,75.8445,72.0007
1468958400,77.7752,72.0007
1468959000,79.3205,72.0007
1468959600,78.4375,72.0007
1468960200,78.1655,72.0007
1468960800,78.6632,72.0007
1468961400,77.7433,72.0007
1468962000,74.381,72.0007
1469131200,72.1998,72.0007
1469131800,75.5767,72.0007
1469212800,72.2568,72.0007
1469213400,74.6382,72.0007
1469214000,76.5815,72.0007
1469214600,77.9287,72.0007
1469215200,79.1682,72.0007
1469215800,80.148,72.0007
1469216400,80.4845,72.0007
1469217000,80.0143,72.0007
1469217600,78.8402,72.0007
1469218200,78.0222,72.0007
1469218800,77.499,72.0007
1469219400,76.858,72.0007
1469220000,74.9672,72.0007
1469220600,72.5743,72.0007
1469404200,72.9608,72.0007
1469404800,75.7482,72.0007
1469405400,77.9113,72.0007
1469406000,78.888,72.0007
1469406600,78.2832,72.0007
1469407200,77.983,72.0007
1469407800,77.8297,72.0007
1469408400,77.6492,72.0007
1469409000,77.0365,72.0007
1469409600,75.3202,72.0007
1469410200,74.3027,72.0007
1469410800,74.1247,72.0007
1469411400,73.909,72.0007
1469412000,73.2083,72.0007
1469412600,73.1147,72.0007
1469413200,73.3087,72.0007
1469413800,73.4378,72.0007
1469414400,73.1012,72.0007
1469415000,73.065,72.0007
1469565600,73.9462,72.0028862518
1469566200,76.6867,72.0104043415
1469566800,76.6432,72.0007
1469567400,74.9928,72.0007
1469568000,74.1132,72.0007
1469568600,74.192,72.0007
1469569200,72.688,72.0007
1469587200,72.0525,72.0007
1469587800,73.3265,72.0007
1469588400,74.2147,72.0007
1469589000,74.7465,72.0007
1469589600,75.2555,72.0007
1469590200,75.5898,72.0007
1469590800,75.967,72.0007
1469591400,76.2823,72.0007
1469592000,76.6762,72.0007
1469592600,77.0353,72.0007
1469593200,77.1467,72.0007
1469593800,76.9063,72.0007
1469594400,76.525,72.0007
1469595000,76.4,72.0007
1469595600,76.346,72.0007
1469596200,75.4674,72.0007
1469596800,73.6573,72.0007
1469597400,72.6705,72.0007
1469598000,72.3,72.0007
1469598600,72.006,72.0007
1469661600,72.5035,72.0007
1469662200,73.8875,72.0007
1469662800,75.2302,72.0007
1469663400,75.4197,72.0007
1469664000,75.565,72.0007
1469664600,72.6268,72.0007
1468521600,73.5538,72.0007
1468522200,75.5617,72.0007
1468522800,75.3308,72.0007
1468523400,75.9858,72.0007
1468524000,75.4535,72.0007
1468524600,75.0523,72.0007
1468525200,75.8912,72.0007
1468525800,75.2555,72.0007
1468526400,74.527,72.0007
1468535400,72.5158,72.0007
1468536000,72.4682,72.0007
1468609800,72.2594,72.0007
1468610400,73.1605,72.0007
1468611000,73.8782,72.0007
1468611600,73.9434,72.0007
1468612200,74.3664,72.0007
1468612800,73.6164,72.0007
1468613400,75.0083,72.0007
1468614000,78.3419,72.0007
1468614600,79.9559,72.0007
1468615200,80.471,72.0122743401
1468615800,80.427,72.0141349185
1468616400,80.3524,72.0007
1468617000,80.0698,72.0007
1468617600,79.287,72.0007
1468618200,78.7915,72.0007
1468618800,78.5901,72.0007
1468619400,78.3666,72.0007
1468620000,78.1709,72.0007
1468620600,77.6266,72.0007
1468621200,76.3644,72.0007
1468621800,74.8207,72.0007
1468622400,72.8055,72.0007
1468705200,73.9476,72.0007
1468705800,78.1437,72.0043954883
1468706400,80.9605,72.0007
1468707000,80.817,72.0007
1468707600,78.0129,72.0007
1468708200,74.7716,72.0007
1468708800,73.265,72.0007
1468709400,73.9719,72.0007
1468712400,73.1444,72.0007
1468713000,73.8668,72.0007
1468713600,72.397,72.0007
1468887600,74.2339,72.0007
1468888200,77.5915,72.0007144657
1468888800,80.0098,72.0045626418
1468889400,81.2472,72.012784149
1468890000,81.7337,72.0007
1468890600,81.7813,72.0007
1468891200,81.7,72.0007
1468891800,81.7422,72.0007
1468892400,81.8917,72.0025183131
1468893000,82.2083,72.0007
1468893600,82.4082,72.0007
1468894200,82.464,72.0007
1468894800,82.2903,72.0007
1468895400,81.9342,72.0007
1468896000,81.3773,72.0007
1468896600,80.4487,72.0037576747
1468897200,79.5907,72.0007
1468897800,78.5597,72.0007
1468898400,77.3297,72.0007
1468899000,76.6673,72.0007
1468899600,76.1322,72.0007
1468900200,75.1592,72.0007
1468900800,73.646,72.0007
1468951800,73.3835,72.0007
1468952400,73.8902,72.0007
1468953000,76.0988,72.0007
1468953600,78.1565,72.0007
1468954200,79.5278,72.0007
1468954800,80.3358,72.0007
1468955400,79.4952,72.0007
1468956000,78.241,72.0007
1468956600,77.9195,72.0007
1468957200,77.6112,72.0007
1468957800,77.011,72.0007
1468958400,77.0755,72.0007
1468959000,77.1818,72.0007
1468959600,76.5278,72.0007
1468960200,72.5783,72.0007
1469131200,73.3257,72.0007
1469131800,75.5333,72.0007
1469133000,72.964,72.0007
1469150400,73.8624,72.0007
1469151000,75.9943,72.0007
1469151600,77.5042,72.0007
1469152200,77.6802,72.0012961729
1469152800,77.1188,72.0007
1469153400,76.2228,72.0007
1469154000,75.334,72.0007
1469154600,74.2372,72.0007
1469155200,72.6973,72.0007
1469212200,72.27,72.0007
1469212800,73.801,72.0007
1469213400,75.3155,72.0007
1469214000,76.4435,72.0007
1469214600,77.404,72.0007
1469215200,77.7727,72.0007
1469215800,77.0812,72.0007
1469216400,76.2948,72.0007
1469217000,75.7448,72.0007
1469217600,74.945,72.0007
1469218200,74.7725,72.0007
1469218800,74.616,72.0007
1469219400,72.5643,72.0007
1469254200,73.5168,72.0007
1469254800,73.4523,72.0007
1469255400,72.768,72.0007
1469405400,72.001,72.0007
1469407200,74.0912,72.0007
1469407800,74.3982,72.0007
1469408400,75.562,72.0007
1469409000,76.2593,72.0007
1469409600,76.4522,72.0007
1469410200,76.3477,72.0007
1469410800,75.4152,72.0007
1469411400,74.3772,72.0007
1469412000,72.5287,72.0007
1469562000,73.0695,72.0007
1469562600,74.1208,72.0007
1469563200,74.0167,72.0007
1469563800,73.6877,72.0007
1469564400,73.0288,72.0007
1469565000,73.1735,72.0007
1469565600,73.0813,72.0007
1469566200,72.725,72.0007
1469585400,72.5505,72.0007
1469586000,73.662,72.0007
1469586600,74.7288,72.0007
1469587200,75.1483,72.0007
1469587800,75.4223,72.0007
1469588400,75.5765,72.0007
1469589000,75.6042,72.0007
1469589600,75.6008,72.0007
1469590200,75.6545,72.0007
1469590800,75.8463,72.0007
1469591400,76.2895,72.0007
1469592000,76.8288,72.0007
1469592600,76.9128,72.0007
1469593200,76.8177,72.0007
1469593800,76.5723,72.0007
1469594400,76.369,72.0007
1469595000,75.8497,72.0007
1469595600,75.2023,72.0007
1469596200,74.0582,72.0007
1469596800,73.1047,72.0007
1469597400,72.6662,72.0007
1469829000,73.8508,72.0007
1469829600,76.8025,72.0007
1469830200,79.511,72.0007
1469830800,80.821,72.0007
1469831400,81.4475,72.0007
1469832000,81.203,72.0007
1469832600,79.49,72.0007
1469833200,76.5577,72.0007
1469902200,72.1582,72.0007
1469902800,72.7117,72.0007
1469903400,74.3412,72.0007
1469904000,75.8748,72.0007
1469904600,77.1737,72.0007
1469905200,78.284,72.0007
1469905800,78.9978,72.0007
1469906400,79.7078,72.0007
1469907000,77.6883,72.0007
1469907600,77.0995,72.0007
1469908200,75.4365,72.0007
1469913000,72.105,72.0007
1469913600,72.8424,72.0007
1470255000,72.068,72.0007
1470255600,72.3202,72.0007
1470463200,72.9907,72.0007
1470463800,73.6813,72.0007
1470464400,73.605,72.0007
1470465000,72.293,72.0007
1470525600,73.2303,72.0007
1470526200,74.6593,72.0007
1470526800,76.2477,72.0007
1470527400,77.6243,72.0007
1470528000,78.6693,72.0007
1470528600,79.0938,72.0007
1470529200,78.9218,72.0007
1470529800,78.8545,72.0007
1470530400,79.1562,72.0007
1470531000,79.3,72.0007
1470531600,78.2424,72.0007
1470532200,75.1575,72.0007
1470588600,72.9978,72.0007
1470589200,73.6887,72.0007
1470589800,74.296,72.0007
1470590400,75.2552,72.0007
1470591000,76.4705,72.0007
1470591600,77.1815,72.0007
1470592200,77.5533,72.0007
1470592800,78.002,72.0007
1470593400,78.544,72.0007
1470594000,79.0438,72.0007
1470594600,79.027,72.0007
1470595200,78.0757,72.0007
1470595800,78.1222,72.0007
1470596400,78.4143,72.0007
1470597000,78.7143,72.0007
1470597600,78.8733,72.0007
1470598200,78.7417,72.0007
1470598800,78.2368,72.0007
1470599400,77.7713,72.0007
1470600000,77.3023,72.0007
1470600600,76.646,72.0007
1470601200,76.3232,72.0007
1470601800,75.8185,72.0007
1470618000,72.2602,72.0007
1470618600,73.4918,72.0007
1470619200,74.1333,72.0007
1470619800,74.701,72.0007
1470620400,75.4682,72.0007
1470621000,76.4973,72.0007
1470621600,77.6823,72.0007
1470622200,78.7705,72.0007
1470622800,79.821,72.0007
1470623400,80.465,72.0007
1470624000,80.0243,72.0021204378
1470624600,79.3488,72.0023709491
1470625200,79.2163,72.0007
1470625800,79.4235,72.0007
1470626400,79.5705,72.0007
1470627000,79.1692,72.0007
1470627600,78.9637,72.0062744823
1470628200,79.1868,72.0086358334
1470628800,79.1633,72.0007
1470629400,78.479,72.0007
1470630000,77.4768,72.0007
1470630600,76.2617,72.0007
1470631200,75.1705,72.0007
1470631800,74.4213,72.0007
1470632400,74.0112,72.0007
1470633000,74.2875,72.0007
1470633600,73.5402,72.0007
1470634200,72.7753,72.0007
1470634800,72.9363,72.0007
1470635400,73.3817,72.0044866093
1470636000,73.408,72.0007
1470636600,73.5033,72.0007
1470637200,72.004,72.0007
1470728400,72.3217,72.0007
1470729000,72.5777,72.0071368725
1470729600,72.6767,72.0007
1470730200,72.6667,72.0007
1470730800,72.8362,72.0007
1470731400,73.1637,72.0007
1470732000,73.3417,72.0007
1470732600,73.4532,72.0007
1470733200,73.3207,72.0007
1470733800,73.5003,72.0007
1470734400,73.2955,72.0007
1470735000,72.7498,72.0007
1470747000,72.3767,72.0007
1470747600,73.0325,72.0007
1470748200,74.1187,72.0007
1470748800,75.547,72.0007
1470749400,76.8372,72.0007
1470750000,77.175,72.0007
1470750600,77.3623,72.0007
1470751200,77.5497,72.0007
1470751800,77.8395,72.0007
1470752400,77.6808,72.0007
1470753000,77.579,72.0007
1470753600,77.667,72.0007
1470754200,77.9788,72.0007
1470754800,78.1254,72.0007
1470755400,78.1203,72.0007
1470756000,78.3577,72.0007
1470756600,78.7472,72.0007
1470757200,79.114,72.0007
1470757800,79.4,72.0007
1470759000,80.1011,72.0007
1470759600,80.3745,72.0007
1470760200,80.7083,72.0007
1470762000,81.2295,72.0007
1470763200,82.1446,72.0007
1470763800,82.7711,72.0007
1470768000,82.7283,72.0007
1470769200,82.0596,72.0007
1470769800,82.1606,72.0007
1470770400,82.4015,72.0007
1470771000,82.4,72.0007
1470771600,82.3543,72.0007
1470772200,81.803,72.0007
1470772800,81.0535,72.0007
1470773400,80.5007,72.0007
1470774000,80.0642,72.0007
1470774600,79.8405,72.0007
1470775200,79.9787,72.0007
1470775800,80.2108,72.0007
1470776400,80.4613,72.0007
1470777000,80.6,72.0007
1470777600,80.4322,72.0007
1470778200,80.2983,72.0007
1470778800,80.2198,72.0007
1470779400,80.2,72.0007
1470780000,80.1218,72.0007
1470780600,79.802,72.0007
1470781200,79.3448,72.0007
1470781800,79.1,72.0007
1470783000,78.7317,72.0007
1470783600,78.5715,72.0007
1470784200,78.5,72.0007
1470784800,78.3315,72.0007
1470785400,78.4902,72.0007
1470786000,78.8548,72.0007
1470786600,78.8598,72.0007
1470787200,78.5047,72.0007
1470787800,77.981,72.0007
1470788400,77.1322,72.0007
1470789000,75.888,72.0007
1470789600,74.9742,72.0007
1470790200,74.1958,72.0007
1470790800,73.374,72.0007
1470791400,72.9478,72.0007
1470792000,73.0603,72.0007
1470792600,72.537,72.0007
1470800400,72.0021,72.0007
1470801000,72.6112,72.0007
1470801600,72.9815,72.0007
1470802200,73.1197,72.0007
1470802800,73.386,72.0007
1470803400,73.3618,72.0007
1470804000,72.9402,72.0007
1470804600,72.6,72.0007
1470805200,72.5578,72.0007
1470820200,72.9456,72.0007
1470821400,74.1,72.0007
1470823200,75.755,72.0007
1470823800,76.2587,72.0007
1470825000,77.4,72.0007
1470825600,78.0583,72.0007
1470826200,78.5822,72.0007
1470826800,78.9544,72.0007
1470827400,78.9217,72.0007
1470828000,78.8128,72.0007
1470828600,78.8,72.0007
1470829200,78.6465,72.0007
1470829800,78.291,72.0007
1470830400,78.0262,72.0007
1470831000,77.881,72.0007
1470831600,77.2037,72.0007
1470832200,76.7342,72.0007
1470832800,76.6172,72.0007
1470833400,76.3627,72.0007
1470834000,76.3183,72.0007
1470834600,76.3378,72.0007
1470835200,75.8562,72.0007
1470835800,74.855,72.0007
1470836400,74.5172,72.0007
1470837000,74.633,72.0007
1470837600,74.579,72.0007
1470838200,74.22,72.0007
1470838800,73.5872,72.0007
1470839400,73.2278,72.0007
1470840000,73.3138,72.0007
1470840600,73.3332,72.0007
1470841200,72.754,72.0007
1470841800,72.3947,72.0007
1470842400,72.6908,72.0007
1470843000,73.068,72.0007
1470843600,73.7173,72.0007
1470844200,73.388,72.0007
1470844800,73.2997,72.0007
1470845400,73.9168,72.0007
1470846000,74.6388,72.0007
1470846600,74.4523,72.0007
1470847200,73.9733,72.0007
1470847800,73.6148,72.0007
1470848400,74.1943,72.0007
1470849000,74.834,72.0007
1470849600,74.7625,72.0007
1470850200,74.6413,72.0007
1470850800,74.7024,72.0007
1470851400,75.3068,72.0007
1470852000,76.3008,72.0007
1470852600,77.1758,72.0007
1470853200,78.0743,72.0007
1470853800,78.5928,72.0007
1470854400,78.5385,72.0007
1470855000,78.4856,72.0007
1470855600,78.4,72.0007
1470857400,78.4696,72.0007
1470858000,78.754,72.0007
1470859200,79.4683,72.0007
1470859800,79.3948,72.0007
1470861000,79.2204,72.0007
1470861600,79.1583,72.0007
1470863400,78.6072,72.0007
1470864000,78.1868,72.0007
1470864600,77.5792,72.0007
1470865200,76.7382,72.0007
1470865800,75.4913,72.0007
1470866400,73.7207,72.0007
1469742600,72.2827,72.0007
1469743200,73.0308,72.0007
1469743800,72.2495,72.0007
1469744400,72.0657,72.0007
1469745000,72.0902,72.0007
1469830800,77.6656,72.0007
1469831400,77.7,72.0007
1469832000,77.5407,72.0007
1469832600,76.855,72.0007
1469833200,74.8967,72.0007
1469902200,73.2612,72.0007
1469902800,74.5452,72.0007
1469903400,75.3847,72.0007
1469904000,76.1033,72.0007
1469904600,76.4727,72.0007
1469905200,76.3187,72.0007
1469905800,76.3842,72.0007
1469906400,76.7005,72.0007
1469907000,76.7135,72.0007
1469907600,76.9275,72.0007
1469908200,76.8955,72.0078416648
1469908800,76.4985,72.0007
1469909400,76.0478,72.0007
1469910000,76.4153,72.0007
1469910600,76.8873,72.0007
1469911200,77.1965,72.0007
1469911800,77.0413,72.0007
1470623400,72.7,72.0007
1470624000,72.6252,72.0007
1470624600,72.5482,72.0007
1470627600,72.5865,72.0007
1470628200,72.3098,72.0007
1470735600,72.2633,72.0007
1470736200,72.842,72.0007
1470736800,72.867,72.0007
1470737400,73.0388,72.0007
1470738000,73.5855,72.0007
1470738600,73.1365,72.0007
1470739200,73.0362,72.0007
1470739800,72.8987,72.0007
1470740400,72.4355,72.0007
1470741000,72.0462,72.0007
1470750600,72.199,72.0007
1470751200,72.1513,72.0007
1470751800,72.0327,72.0007
1470752400,72.3432,72.0007
1470753000,72.6285,72.0007
1470753600,72.6563,72.0007
1470754200,72.6092,72.0007
1470754800,72.6,72.0007
1470755400,72.525,72.0007
1470756000,72.8022,72.0007
1470756600,73.105,72.0007
1470757200,73.2669,72.0007
1470757800,73.695,72.0007
1470758400,74.0625,72.0007
1470759600,74.5543,72.0007
1470760200,74.7955,72.0007
1470761400,75.405,72.0007
1470764400,74.9136,72.0007
1470768000,76.525,72.0007
1470769800,75.0298,72.0007
1470770400,75.0132,72.0007
1470771000,75.3833,72.0007
1470771600,75.1407,72.0007
1470772200,74.6255,72.0007
1470772800,73.7493,72.0007
1470773400,72.0869,72.0007
1468011600,72.1495,72.0007
1468012200,73.2612,72.0007
1468012800,73.9943,72.0007
1468013400,74.4647,72.0007
1468014000,74.4877,72.0007
1468014600,74.2295,72.0007
1468015200,73.864,72.0007
1468015800,72.2071,72.0007
1468167600,72.6612,72.0007
1468168200,72.842,72.0007
1468168800,72.389,72.0007
1468169400,74.152,72.0007
1468170000,75.9983,72.0007
1468170600,75.838,72.0007
1468171200,76.122,72.0007
1468171800,77.0068,72.0007
1468172400,77.615,72.0007
1468173000,78.3682,72.0007
1468173600,78.5547,72.0007
1468174200,78.4005,72.0007
1468174800,78.1193,72.0007
1468175400,78.058,72.0007
1468176000,77.9653,72.0007
1468176600,77.7723,72.0007
1468177200,77.4228,72.0007
1468177800,77.1703,72.0007
1468178400,76.391,72.0007
1468179000,75.3045,72.0007
1468179600,74.4938,72.0007
1468180200,73.0183,72.0007
1468534200,72.0222,72.0007
1468534800,72.6087,72.0007
1468535400,72.0382,72.0007
1468617600,72.7302,72.0007
1468618200,73.8911,72.0007
1468618800,74.9936,72.0007
1468619400,75.9374,72.0105005482
1468620000,76.5032,72.0007
1468620600,76.8866,72.0007
1468621200,76.9292,72.0007
1468621800,76.6984,72.0043254496
1468622400,77.1007,72.0167411753
1468623000,77.5135,72.0254033487
1468623600,77.5523,72.0007
1468624200,77.5459,72.0007
1468624800,77.0127,72.0007
1468625400,76.651,72.0007
1468626000,76.4342,72.0007
1468626600,75.2761,72.0007
1468627200,73.0045,72.0007
1468628400,72.8271,72.0007
1468629000,73.6283,72.0014884849
1468629600,74.2322,72.0137417008
1468630200,74.5719,72.0150007842
1468630800,74.6222,72.0007
1468631400,74.8263,72.0007
1468632000,75.1003,72.0007
1468632600,75.2168,72.0007
1468633200,75.1589,72.0007
1468633800,75.2794,72.0068052594
1468634400,75.3697,72.0007
1468635000,75.3984,72.0007
1468635600,75.3436,72.0007
1468636200,74.9708,72.0007
1468636800,74.3603,72.0007
1468637400,74.1987,72.0007
1468638000,74.2134,72.0007
1468638600,74.1833,72.0007
1468639200,74.0644,72.0007
1468639800,73.8326,72.0007
1468640400,73.5293,72.0007
1468641000,72.8425,72.0007
1468864800,73.1552,72.0007
1468872000,74.3275,72.0007
1468872600,77.3517,72.0007
1468873200,75.8228,72.0007
1468886400,73.7062,72.0007
1468887000,76.2638,72.0007
1468887600,77.6232,72.0007
1468888200,78.9308,72.0007
1468888800,80.205,72.0026715179
1468889400,80.9242,72.0138045934
1468890000,81.2228,72.0007
1468890600,81.3043,72.0007
1468891200,81.3772,72.0007
1468891800,81.5163,72.0007
1468892400,81.802,72.0007
1468893000,82.1533,72.0007
1468893600,82.3,72.0007
1468894200,82.3008,72.0007
1468894800,82.177,72.0007
1468895400,81.7578,72.0007
1468896000,81.0713,72.0007
1468896600,80.3177,72.0007
1468897200,79.6368,72.0007
1468897800,79.1225,72.0007
1468898400,78.7297,72.0007
1468899000,78.3407,72.0007
1468899600,77.9512,72.0007
1468900200,77.3398,72.0007
1468900800,76.2795,72.0007
1468901400,74.153,72.0007
1468951800,74.9265,72.0007
1468952400,74.244,72.0007
1468953000,75.2373,72.0007
1468953600,77.5147,72.0007
1468954200,78.7352,72.0007
1468954800,77.7858,72.0007
1468955400,76.3712,72.0007
1468956000,78.2898,72.0007
1468956600,79.2903,72.0007
1468957200,80.0848,72.0007
1468957800,79.4455,72.0007
1468958400,75.8662,72.0007
1468959000,73.1375,72.0007
1468959600,75.0992,72.0007
1468960200,75.7898,72.0007
1468960800,75.8767,72.0007
1468961400,74.5908,72.0007
1469131800,73.1633,72.0007
1469153400,72.4337,72.0007
1469213400,72.1585,72.0028037449
1469214000,74.3542,72.0007
1469214600,75.6153,72.0007
1469215200,76.4729,72.0007
1469215800,77.0247,72.0007
1469216400,77.9547,72.0007
1469217000,77.8567,72.0007
1469217600,77.062,72.0007
1469218200,76.0068,72.0007
1469218800,75.2535,72.0007
1469219400,74.3928,72.0007
1469220000,72.6398,72.0007
1469406000,72.8175,72.0007
1469406600,74.2653,72.0007
1469407200,75.5493,72.0007
1469407800,76.5345,72.0010262078
1469408400,77.501,72.0007
1469409000,78.8655,72.0007
1469409600,79.7172,72.0007
1469410200,79.845,72.0007
1469410800,79.5285,72.0007
1469411400,78.7523,72.0061820182
1469412000,77.8493,72.0007
1469412600,76.7918,72.0007
1469413200,75.5208,72.0007
1469413800,72.3515,72.0007
1469561400,74.16,72.0007
1469562000,76.6885,72.0007
1469562600,78.2685,72.0007
1469563200,79.1015,72.0007
1469563800,79.979,72.0007
1469564400,79.718,72.0007
1469565000,78.7043,72.0007
1469565600,77.4872,72.0007
1469566200,75.8673,72.0007
1469566800,72.7845,72.0007
1469587800,72.3212,72.0007
1469588400,72.5232,72.0007
1469589000,72.4948,72.0007
1469589600,72.4132,72.0007
1469590200,72.3327,72.0007
1469590800,72.5378,72.0007
1469591400,72.9187,72.0007
1469592000,73.2778,72.0007
1469592600,73.5072,72.0007
1469593200,73.6947,72.0007
1469593800,73.6575,72.0007
1469594400,73.631,72.0007
1469595000,73.4818,72.0007
1469595600,72.3508,72.0007
1469646600,73.2843,72.0007
1469647200,73.3643,72.0007
1469656800,72.1313,72.0007
1469657400,73.6689,72.0007
1469658000,74.7325,72.0007
1469658600,73.8582,72.0007
1469659200,73.2502,72.0007
1469659800,74.6713,72.0007
1469660400,75.7807,72.0007
1469661000,76.469,72.0007
1469661600,76.8982,72.0007
1469662200,77.3688,72.0058479123
1469662800,77.721,72.0095676734
1469663400,78.0182,72.0163202405
1469664000,77.639,72.0007
1469664600,76.8792,72.0007
1469665200,75.1025,72.0007
1469665800,73.7903,72.0007
1469666400,72.368,72.0007
1469832000,72.2907,72.0007
1469904000,73.31,72.0007
1469904600,73.7347,72.0007
1469905200,73.909,72.0007
1469905800,73.4558,72.0007
1469906400,72.1327,72.0007
1469907600,72.7967,72.0007
1469908200,73.8798,72.0007
1469908800,74.3745,72.0007
1469909400,73.9405,72.0007
1469910000,73.6612,72.0007
1469910600,74.3353,72.0007
1469911200,75.0903,72.0007
1469911800,75.6988,72.0007
1469912400,76.3052,72.0007
1469913000,76.895,72.0007
1470864000,76.9538,72.0007
1470864600,79.845,72.0007
1470865200,81.3237,72.0007
1470865800,82.0443,72.0007
1470866400,82.1833,72.0007
1470867000,81.9312,72.0007
1470867600,81.5592,72.0007
1470868200,81.2705,72.0007
1470868800,80.9678,72.0007
1470869400,80.5783,72.0007
1470870000,80.2145,72.0007
1470870600,79.933,72.0007
1470871200,79.4498,72.0007
1470871800,78.9465,72.0007
1470872400,78.4853,72.0007
1470873000,77.9603,72.0007
1470873600,77.3903,72.0007
1470874200,76.7822,72.0007
1470874800,75.6448,72.0007
1470875400,74.8337,72.0007
1470876000,74.367,72.0007
1470876600,73.9243,72.0007
1470877200,73.6167,72.0007
1470877800,73.5253,72.0007
1470878400,73.594,72.0007
1470879000,73.601,72.0007
1470879600,73.5852,72.0007
1470880200,73.4323,72.0007
1470880800,73.1212,72.0007
1470881400,72.7527,72.0007
1470882000,72.4337,72.0007
1470882600,72.0273,72.0007
1470913800,72.3372,72.0007
1470914400,73.415,72.0007
1470915000,73.0497,72.0007
1470915600,74.3453,72.0007
1470916200,74.6555,72.0007
1470916800,74.6792,72.0007
1470917400,74.6252,72.0007
1470918000,72.9367,72.0007
1470918600,73.237,72.0007
1470919200,72.2123,72.0007
1470919800,72.4634,72.0007
1470920400,72.7462,72.0007
1470922800,72.1922,72.0007
1471218000,72.699,72.0007
1471218600,75.2182,72.0007
1471219200,76.8632,72.0007
1471219800,77.1333,72.0007
1471220400,73.9045,72.0007
1471221000,74.1307,72.0007
1471221600,73.1668,72.0007
1471388400,73.8888,72.0007
1471389000,77.1823,72.0007
1471389600,79.4133,72.0154712656
1471390200,80.5618,72.0007
1471390800,79.5755,72.0007
1471391400,75.7682,72.0007
1471457400,72.778,72.0007
1471458000,76.6042,72.0007
1471458600,79.2398,72.0007
1471459200,80.9955,72.0007
1471459800,81.5433,72.0007
1471460400,80.4343,72.0007
1471461000,77.9663,72.0007
1471461600,75.7637,72.0007
1471462200,74.3968,72.0007
1471462800,72.4007,72.0007
1471625400,74.2197,72.0007
1471626000,75.592,72.0007
1471626600,76.9778,72.0007
1471627200,76.2026,72.0007
1471627800,75.4777,72.0007
1471628400,76.0742,72.0007
1471629000,76.4005,72.0007
1471629600,77.1893,72.0007
1471630200,77.31,72.0007
1471630800,75.741,72.0007
1471631400,75.3135,72.0007
1471632000,76.3002,72.0007
1471632600,73.7845,72.0007
1471633200,72.1508,72.0007
1471633800,73.5789,72.0007
1471634400,72.8833,72.0007
1471733400,72.1475,72.0007
1471734000,73.1862,72.0007
1471734600,74.2767,72.0007
1471735200,74.6455,72.0007
1471735800,74.9075,72.0007
1471736400,74.7287,72.0007
1471737000,73.2526,72.0007
1471818000,73.2372,72.0007
1471818600,75.4343,72.0007
1471819200,77.4123,72.0007
1471819800,78.9933,72.0020762818
1471820400,80.2268,72.0007
1471821000,80.779,72.0007
1471821600,80.333,72.0007
1471822200,79.5863,72.0008373383
1471822800,78.9838,72.0007
1471823400,78.6995,72.0007
1471824000,78.7997,72.0007
1471824600,78.7715,72.0007
1471825200,76.7107,72.0007
1471825800,74.5292,72.0007
1471826400,74.6888,72.0007
1471827000,73.9945,72.0007
1471827600,72.8313,72.0007
1472008800,74.4463,72.0007
1472009400,77.1057,72.0007
1472010000,78.6507,72.0007
1472010600,79.0155,72.0007
1472011200,79.1607,72.0007
1472011800,79.3233,72.0007
1472012400,79.269,72.0007
1472013000,79.0762,72.0007
1472013600,78.8983,72.0007
1472014200,78.4103,72.0039961809
1472014800,77.6967,72.0007
1472015400,77.2355,72.0007
1472016000,76.966,72.0007
1472016600,76.5203,72.0007
1472017200,76.1585,72.0007
1472017800,75.7663,72.0007
1472018400,75.176,72.0007
1472019000,74.475,72.0007
1472019600,73.8827,72.0007
1472020200,73.616,72.0007
1472020800,72.9178,72.0007
1472068800,73.5855,72.0007
1472069400,76.6032,72.0007
1472070000,78.971,72.0007
1472070600,80.0615,72.0007
1472071200,79.219,72.0007
1472071800,74.9683,72.0007
1472072400,72.9328,72.0007
1472172000,72.7035,72.0007
1472172600,72.1017,72.0007
1472181000,72.5105,72.0007
1472181600,72.6403,72.0007
1472183400,72.4343,72.0007
1472184000,72.449,72.0007
1472185200,72.3578,72.0007
1472185800,73.4503,72.0007
1472186400,74.5135,72.0007
1472187000,73.5859,72.0007
1472187600,73.0432,72.0007
1470087600,74.9638,72.0007
1470088200,76.8133,72.0007
1470088800,77.6445,72.0007
1470089400,77.6625,72.0007
1470090000,77.1393,72.0007
1470090600,74.1675,72.0007
1470092400,73.3338,72.0007
1470093000,72.831,72.0007
1470174600,72.8706,72.0007
1470175200,74.6553,72.0007
1470175800,75.9037,72.0007
1470176400,76.7742,72.0007
1470177000,77.3028,72.0007
1470177600,76.6975,72.0007
1470178200,75.9183,72.0007
1470178800,76.0162,72.0007
1470179400,75.8825,72.0007
1470180000,76.1535,72.0007
1470180600,75.9687,72.0007
1470181200,74.98,72.0043242561
1470181800,74.282,72.0080869928
1470182400,74.2995,72.0007
1470183000,74.0612,72.0007
1470183600,72.743,72.0007
1470253800,74.0742,72.0007
1470254400,76.7345,72.0007
1470255000,78.8355,72.0007
1470255600,79.7855,72.0007
1470256200,75.2968,72.0007
1470259800,72.2457,72.0007
1470262200,72.4987,72.0007
1470262800,73.2113,72.0007
1470263400,73.706,72.0007
1470264000,73.971,72.0007
1470264600,73.0465,72.0007
1470325800,72.6263,72.0007
1470326400,72.1312,72.0007
1470327600,72.666,72.0007
1470328200,73.1167,72.0007
1470328800,74.146,72.0007
1470329400,74.5998,72.0186120508
1470330000,75.6237,72.0007
1470330600,75.2927,72.0007
1470331200,74.3835,72.0007
1470335400,73.5708,72.0040202023
1470336000,73.8357,72.0007
1470336600,74.1925,72.0039858308
1470337200,72.3833,72.0007
1470508200,73.6415,72.0007
1470508800,75.1832,72.0007
1470509400,76.364,72.0007
1470510000,77.6422,72.0007
1470510600,77.8723,72.0007
1470511200,76.0148,72.0007
1470511800,72.0817,72.0007
1470513600,72.0345,72.0007
1470514800,72.4632,72.0007
1470515400,74.0978,72.0007
1470516000,75.5053,72.0007
1470516600,76.6915,72.0007
1470517200,77.456,72.0007
1470517800,77.844,72.0007
1470518400,77.6928,72.0007
1470519000,78.067,72.0007
1470519600,77.6175,72.0007
1470520200,76.8488,72.0007
1470520800,76.0353,72.0007
1470528000,72.3527,72.0007
1470528600,74.6748,72.0007
1470529200,75.8573,72.0007
1470529800,76.0005,72.0007
1470530400,72.7683,72.0007
1470552600,72.293,72.0007
1470581400,75.0375,72.0007
1470582000,77.5682,72.0007
1470582600,79.2745,72.0007
1470583200,80.5017,72.0007
1470583800,80.9133,72.0007
1470584400,81.0173,72.0007
1470585000,80.8783,72.0007
1470587400,79.1525,72.0007
1470589200,80.6925,72.0007
1470589800,81.3185,72.0007
1470591600,81.5863,72.0007
1470594000,78.593,72.0007
1470594600,80.801,72.0007
1470595200,81.9067,72.0007
1470595800,82.0852,72.0007
1470596400,82.3662,72.0007
1470599400,76.1053,72.0007
1470600000,79.0882,72.0007
1470600600,80.8455,72.0007
1470601200,81.5412,72.0007
1470601800,81.5748,72.0007
1470602400,81.3348,72.0007
1470603000,80.8565,72.0007
1470603600,80.5487,72.0007
1470607200,72.2622,72.0007
1470607800,73.878,72.0007
1470608400,75.5237,72.0007
1470609000,76.749,72.0007
1470609600,77.7552,72.0007
1470610200,78.4157,72.0007
1470610800,78.9747,72.0007
1470611400,79.185,72.0007
1470612000,79.3467,72.0007
1470612600,79.4392,72.0007
1470613200,77.8592,72.0007
1470613800,76.0368,72.0063441055
1470614400,76.2807,72.0007
1470615000,77.0123,72.0007
1470615600,77.8318,72.0007
1470726600,72.0258,72.0007
1470727200,73.3312,72.0007
1470727800,74.0065,72.0007
1470728400,74.841,72.0007
1470729000,75.4482,72.0007
1470729600,76.0927,72.0007
1470730200,76.9898,72.0007
1470730800,77.3573,72.0007
1470731400,77.1855,72.0007
1470732000,77.2065,72.0007
1470732600,77.2945,72.0007
1470733200,77.1483,72.0007
1470733800,76.8628,72.0007
1470734400,75.9967,72.0007
1470735000,75.4597,72.0007
1470735600,74.6868,72.0007
1470736200,74.6442,72.0007
1470736800,74.222,72.0007
1470737400,74.2615,72.0007
1470738000,74.0543,72.0007
1470738600,74.246,72.0007
1470740400,72.0148,72.0007
1470741000,72.4427,72.0007
1470741600,72.7852,72.0007
1470742200,72.792,72.0007
1470742800,73.4057,72.0007
1470743400,74.0007,72.0007
1470744000,74.6898,72.0007
1470744600,75.3412,72.0007
1470745200,76.1328,72.0007
1470745800,77.0182,72.0007
1470746400,77.7575,72.0007
1470747000,78.3657,72.0007
1470747600,79.0555,72.0007
1470748200,79.9572,72.0007
1470748800,81.1023,72.0007
1470749400,82.0645,72.0007
1470750000,83.0212,72.0007
1470750600,83.7437,72.0007
1470751200,84.4888,72.0007
1470751800,84.9343,72.0007
1470752400,84.9528,72.0007
1470753000,85.2375,72.0007
1470753600,85.5908,72.0007
1470754200,85.4947,72.0007
1470754800,85.2235,72.0007
1470755400,85.2,72.0007
1470756600,85.7078,72.0007
1470757800,85.7908,72.0007
1470758400,86.0528,72.0007
1470759000,86.4625,72.0007
1470759600,86.7686,72.0007
1470760200,86.63,72.0007
1470763800,86.8529,72.0007
1470764400,86.9017,72.0007
1470768000,86.0,72.0007
1470769200,86.229,72.0007
1470769800,86.5167,72.0007
1470770400,86.8296,72.0007
1470771000,86.6533,72.0007
1470771600,86.461,72.0007
1470772200,86.0533,72.0007
1470772800,85.3018,72.0007
1470773400,84.8342,72.0007
1470774000,84.537,72.0007
1470774600,84.1152,72.0007
1470775200,83.4905,72.0007
1470775800,82.9392,72.0007
1470776400,82.65,72.0007
1470777000,82.2903,72.0007
1470777600,81.6942,72.0007
1470778200,81.014,72.0007
1470778800,80.5942,72.0007
1470779400,80.1092,72.0007
1470780000,79.6522,72.0007
1470780600,79.6,72.0007
1470781200,79.7178,72.0007
1470781800,79.9627,72.0007
1470782400,80.3577,72.0007
1470783000,81.083,72.0007
1470783600,81.5863,72.0007
1470784200,81.768,72.0007
1470784800,81.9,72.0007
1470785400,81.9033,72.0007
1470786000,81.9763,72.0007
1470786600,81.5713,72.0007
1470787200,80.839,72.0007
1470787800,80.1855,72.0007
1470788400,79.5815,72.0007
1470789000,78.705,72.0007
1470789600,77.1952,72.0007
1470790200,76.2752,72.0007
1470790800,75.655,72.0007
1470791400,75.2412,72.0007
1470792000,74.6848,72.0007
1470792600,73.9308,72.0007
1470793200,72.8918,72.0007
1470793800,72.0007,72.0007
1470798000,72.128,72.0007
1470798600,72.96,72.0007
1470799200,74.0069,72.0007
1470799800,74.8433,72.0007
1470800400,75.4532,72.0007
1470801000,76.0196,72.0007
1470801600,76.1452,72.0007
1470802200,76.1804,72.0007
1470802800,75.898,72.0007
1470803400,75.4183,72.0007
1470804000,75.0115,72.0007
1470804600,74.5308,72.0007
1470805200,73.9065,72.0007
1470805800,73.2475,72.0007
1470806400,72.4582,72.0007
1470820800,74.26,72.0007
1470822600,75.0933,72.0007
1470823200,75.5,72.0007
1470823800,75.7981,72.0007
1470824400,76.187,72.0007
1470825600,77.1613,72.0007
1470826800,78.8154,72.0007
1470827400,79.3733,72.0007
1470828000,79.7808,72.0007
1470828600,79.9578,72.0007
1470829200,80.1335,72.0007
1470829800,80.16,72.0007
1470830400,79.7265,72.0007
1470831000,79.1933,72.0007
1470831600,78.8018,72.0007
1470832200,78.3735,72.0007
1470832800,77.8408,72.0007
1470833400,77.6,72.0007
1470834000,77.6,72.0007
1470834600,77.6648,72.0007
1470835200,77.7203,72.0007
1470835800,77.5227,72.0007
1470836400,77.1277,72.0007
1470837000,77.0785,72.0007
1470837600,75.7765,72.0007
1470838200,76.0257,72.0007
1470838800,76.7138,72.0007
1470839400,77.323,72.0007
1470840000,77.7437,72.0007
1470840600,77.9547,72.0007
1470841200,78.0107,72.0007
1470841800,77.9635,72.0007
1470842400,78.1007,72.0007
1470843000,78.4827,72.0007
1470843600,78.2377,72.0007
1470844200,78.3803,72.0007
1470844800,78.7388,72.0007
1470845400,79.0742,72.0007
1470846000,79.4948,72.0007
1470846600,79.8032,72.0007
1470847200,80.0792,72.0007
1470847800,80.1817,72.0007
1470848400,80.626,72.0007
1470849000,81.1373,72.0007
1470849600,81.214,72.0007
1470850200,81.4973,72.0007
1470850800,81.8033,72.0007
1470851400,81.9822,72.0007
1470852000,82.1957,72.0007
1470852600,82.4525,72.0007
1470853200,82.5,72.0007
1470853800,82.4155,72.0007
1470854400,81.6737,72.0007
1470855000,81.0828,72.0007
1470856800,81.1521,72.0007
1470858600,82.1,72.0007
1470859200,82.1507,72.0007
1470859800,82.2,72.0007
1470861000,81.4,72.0007
1470861600,81.2,72.0007
1470862200,80.9,72.0007
1470862800,81.0,72.0007
1470863400,81.1507,72.0007
1470864000,80.8165,72.0007
1470864600,80.1848,72.0007
1470865200,79.6088,72.0007
1470865800,78.8478,72.0007
1470866400,77.9163,72.0007
1470867000,76.7463,72.0007
1470867600,75.8052,72.0007
1470868200,75.095,72.0007
1470868800,74.725,72.0007
1470869400,74.3813,72.0007
1470870000,73.9405,72.0007
1470870600,73.2252,72.0007
1470174000,73.0285,72.0007
1470175200,72.1607,72.0007
1470177000,72.2678,72.0007
1470177600,73.9567,72.0007
1470178200,73.7798,72.0007
1470178800,74.6745,72.0007
1470179400,74.6332,72.0007
1470180000,73.2512,72.0007
1470253800,74.3065,72.0007
1470254400,77.1995,72.0007
1470255000,79.1082,72.0007
1470255600,78.7007,72.0007
1470256200,75.884,72.0007
1470262200,72.7003,72.0007
1470262800,73.477,72.0007
1470263400,74.0702,72.0007
1470264000,74.4313,72.0007
1470264600,73.8332,72.0007
1470335400,73.4115,72.0007
1470336000,74.8955,72.0039655955
1470336600,74.0002,72.0007
1470337200,73.1678,72.0007
1470339600,72.4395,72.0007
1470368400,72.063,72.0007
1470369000,72.3013,72.0007
1470369600,72.0577,72.0007
1470464400,73.669,72.0007
1470465000,74.4027,72.0007
1470465600,73.635,72.0007
1470513000,72.4353,72.0007
1470513600,73.6417,72.0007
1470514200,74.6797,72.0007
1470514800,75.5968,72.0007
1470515400,76.2483,72.0007
1470516000,77.1288,72.0017200012
1470516600,78.082,72.0098382041
1470517200,78.813,72.0007
1470517800,78.892,72.0007
1470518400,78.773,72.0007
1470519000,78.6928,72.0007
1470519600,78.1747,72.0007
1470520200,76.565,72.0007
1470520800,75.8345,72.0007
1470521400,75.4755,72.0007
1470522000,75.0307,72.0007
1470522600,74.6325,72.0007
1470523200,74.7265,72.0007
1470523800,75.3195,72.0007
1470524400,76.252,72.0007
1470525000,77.2212,72.0007
1470525600,78.001,72.0007
1470526200,78.5818,72.0007
1470526800,78.919,72.0007
1470527400,79.1148,72.0007
1470528000,79.2,72.0007
1470528600,79.291,72.0007
1470529200,79.4132,72.0007
1470529800,79.5597,72.0007
1470530400,79.2922,72.0007
1470531000,77.3297,72.0007
1470531600,72.6918,72.0007
1470551400,73.1337,72.0007
1470552000,74.1662,72.0069230988
1470552600,74.5295,72.0007
1470553200,73.6037,72.0007
1470583800,74.0585,72.0007
1470584400,76.4837,72.0007
1470585000,77.3075,72.0007
1470585600,78.7837,72.0007
1470586200,80.0023,72.0007
1470586800,80.2245,72.0007
1470587400,80.4172,72.0007
1470588000,80.3782,72.0007
1470588600,80.5998,72.0007
1470589200,80.143,72.0007
1470589800,79.9713,72.0007
1470590400,79.8015,72.0007
1470591000,79.0125,72.0007
1470591600,77.1778,72.0007
1470592200,76.7922,72.0007
1470592800,77.1487,72.0007
1470593400,78.405,72.0007
1470594000,79.6642,72.0007
1470594600,79.6022,72.0007
1470595200,78.262,72.0007
1470595800,76.4818,72.0007
1470596400,76.976,72.0007
1470597000,77.4558,72.0007
1470597600,77.6562,72.0007
1470598200,77.0308,72.0007
1470598800,75.1773,72.0007
1470599400,74.9722,72.0007
1470600000,75.6355,72.0007
1470600600,76.5067,72.0007
1470601200,77.3038,72.0007
1470601800,77.201,72.0007
1470602400,74.5982,72.0007
1470603000,74.8597,72.0007
1470603600,75.4498,72.0007
1470604200,75.4675,72.0007
1470604800,74.947,72.0007
1470605400,74.6093,72.0007
1470606000,74.4637,72.0007
1470606600,74.3423,72.0007
1470607200,73.76,72.0007
1470607800,72.5705,72.0007
1470618000,72.5707,72.0007
1470618600,74.6105,72.0007
1470619200,76.0638,72.0007
1470619800,76.8397,72.0007
1470620400,77.215,72.0007
1470621000,77.3615,72.0007
1470621600,77.4505,72.0007
1470622200,77.5955,72.0007
1470622800,77.5297,72.0007
1470623400,77.357,72.0007
1470624000,77.2517,72.0007
1470624600,77.1367,72.0007
1470625200,77.0,72.0007
1470625800,77.0015,72.0007
1470626400,76.9843,72.0007
1470627000,76.9232,72.0007
1470627600,76.6345,72.0007
1470628200,76.3278,72.0007
1470628800,76.0392,72.0007
1470629400,75.4875,72.0007
1470630000,74.7195,72.0007
1470630600,73.9553,72.0007
1470631200,73.2157,72.0007
1470631800,72.6978,72.0007
1470632400,72.4192,72.0007
1470633000,72.5678,72.0007
1470633600,72.7517,72.0007
1470634200,73.011,72.0007
1470634800,73.2,72.0007
1470635400,73.2912,72.0007
1470636000,73.5727,72.0007
1470636600,72.9892,72.0007
1470731400,72.7832,72.0007
1470732000,73.5463,72.0007
1470732600,72.8072,72.0007
1470733200,72.6387,72.0007
1470733800,72.0827,72.0007
1470745800,72.1035,72.0007
1470746400,72.1217,72.0007
1470747000,72.266,72.0007
1470747600,72.7188,72.0007
1470748200,73.1452,72.0007
1470748800,73.8605,72.0007
1470749400,74.1413,72.0007
1470750000,74.5657,72.0007
1470750600,75.0513,72.0007
1470751200,75.3517,72.0007
1470751800,75.5092,72.0007
1470752400,75.8652,72.0007
1470753000,76.1463,72.0007
1470753600,76.3817,72.0007
1470754200,76.5783,72.0007
1470754800,76.8236,72.0007
1470755400,77.0272,72.0007
1470756000,77.5206,72.0007
1470756600,77.7339,72.0007
1470757800,77.9,72.0007
1470759600,78.6144,72.0007
1470760200,78.925,72.0007
1470763800,80.7433,72.0007
1470764400,81.1,72.0007
1470768000,80.2442,72.0007
1470768600,80.2675,72.0007
1470769200,80.7487,72.0007
1470770400,81.3376,72.0007
1470771000,81.312,72.0007
1470771600,81.1483,72.0007
1470772200,81.1267,72.0007
1470772800,80.8715,72.0007
1470773400,80.7303,72.0007
1470774000,80.626,72.0007
1470774600,80.2982,72.0007
1470775200,79.6655,72.0007
1470775800,78.8295,72.0007
1470776400,78.084,72.0007
1470777000,77.5523,72.0007
1470777600,76.9833,72.0007
1470778200,76.4088,72.0007
1470778800,75.922,72.0007
1470779400,75.3875,72.0007
1470780000,74.8998,72.0007
1470780600,74.7507,72.0007
1470781200,74.7722,72.0007
1470781800,74.7158,72.0007
1470782400,74.659,72.0007
1470783000,74.9708,72.0007
1470783600,75.3298,72.0007
1470784200,75.4,72.0007
1470784800,75.485,72.0007
1470785400,75.3907,72.0007
1470786000,75.2383,72.0007
1470786600,74.0576,72.0007
1470787200,72.8768,72.0007
1470787800,72.6225,72.0007
1470850200,75.89,72.0007
1470850800,78.0547,72.0007
1470851400,79.3714,72.0007
1470852000,80.0722,72.0007
1470852600,80.6867,72.0007
1470853200,80.8395,72.0007
1470853800,80.5487,72.0007
1470854400,80.0888,72.0007
1470855000,79.709,72.0007
1470855600,79.1442,72.0007
1470858000,79.6,72.0007
1470858600,79.7529,72.0007
1470859200,79.999,72.0007
1470859800,79.9714,72.0007
1470861000,79.7791,72.0007
1470862800,79.4013,72.0007
1470863400,78.9717,72.0007
1470864000,78.58,72.0007
1470864600,78.1512,72.0007
1470865200,77.6118,72.0007
1470865800,76.861,72.0007
1470866400,76.0477,72.0007
1470867000,75.496,72.0007
1470867600,75.1642,72.0007
1470868200,74.8602,72.0007
1470868800,74.4788,72.0007
1470869400,73.8065,72.0007
1470870000,73.1682,72.0007
1470870600,72.519,72.0007
1470253800,72.3557,72.0007
1470254400,74.083,72.0007
1470255000,74.4515,72.0007
1470255600,72.3077,72.0007
1470586800,72.2625,72.0007
1470587400,74.5498,72.0007
1470588000,76.01,72.0007
1470588600,77.2308,72.0007
1470589200,78.3593,72.0007
1470589800,79.3667,72.0007
1470590400,79.2993,72.0007
1470591000,79.505,72.0007
1470591600,79.7533,72.0007
1470592200,79.9892,72.0007
1470592800,80.0685,72.0007
1470593400,80.1693,72.0007
1470594000,80.2023,72.0007
1470594600,80.1952,72.0007
1470595200,78.9153,72.0007
1470595800,78.8125,72.0007
1470596400,78.8838,72.0007
1470597000,79.262,72.0007
1470597600,79.7182,72.0007
1470598200,79.9,72.0007
1470598800,79.8098,72.0007
1470599400,79.3548,72.0007
1470600000,78.5462,72.0007
1470600600,77.9047,72.0007
1470601200,77.1493,72.0007
1470601800,75.6415,72.0007
1470602400,73.4587,72.0007
1470603000,72.6828,72.0007
1470622800,72.5205,72.0007
1470623400,73.3765,72.0007
1470624000,73.7467,72.0007
1470624600,73.8767,72.0007
1470625200,74.1703,72.0007
1470625800,74.3472,72.0007
1470626400,74.4538,72.0007
1470627000,74.7978,72.0007
1470627600,74.8683,72.0007
1470628200,74.4222,72.0007
1470628800,73.5213,72.0007
1470629400,72.0383,72.0007
1469641200,72.687,72.0007
1469641800,73.0282,72.0007
1469642400,73.5807,72.0007
1469643000,74.0517,72.0007
1469643600,74.4705,72.0007
1469644200,74.4715,72.0007
1469644800,73.6962,72.0007
1469645400,72.613,72.0007
1469828400,72.3365,72.0007
1469829000,74.4583,72.0007
1469829600,76.3325,72.0007
1469830200,75.377,72.0007
1469830800,75.1867,72.0007
1469831400,75.7978,72.0007
1469832000,75.9505,72.0007
1469832600,75.564,72.0007
1469833200,74.1192,72.0007
1469901600,72.8227,72.0007
1469902200,73.398,72.0007
1469902800,74.3263,72.0007
1469903400,75.2083,72.0007
1469904000,75.6293,72.0007
1469904600,75.4255,72.0007
1469905200,74.6902,72.0007
1469905800,74.3487,72.0007
1469906400,73.3827,72.0007
1472005800,73.0025,72.0007
1472006400,73.5968,72.0007
1472007000,73.7988,72.0007
1472007600,73.9812,72.0007
1472008200,74.516,72.0007
1472008800,75.3388,72.0007
1472009400,75.7,72.0007
1472010000,75.7,72.0007
1472010600,75.588,72.0007
1472011200,74.8437,72.0007
1472011800,74.0085,72.0007
1472012400,73.2643,72.0007
1472013000,72.582,72.0007
1473285000,72.9248,72.0007
1473285600,73.6463,72.0007
1473286200,73.9355,72.0007
1473286800,73.8693,72.0007
1473784200,72.0311,72.0007
1473784800,72.9835,72.0007
1473785400,73.704,72.0007
1473786000,74.6167,72.0007
1473786600,74.9842,72.0007
1473787200,75.0532,72.0007
1473787800,74.8882,72.0007
1473788400,74.3312,72.0007
1473789000,73.5223,72.0007
1469482200,73.664,72.0007
1469482800,74.8297,72.0007
1469483400,76.1038,72.0007
1469484000,76.8462,72.0007
1469484600,77.2967,72.0007
1469485200,74.4472,72.0007
1469561400,74.4317,72.0007
1469562000,76.8483,72.0007
1469562600,77.5237,72.0007
1469563200,76.059,72.0007
1469563800,74.1818,72.0007
1469564400,75.9682,72.0007
1469565000,77.0645,72.0007
1469565600,77.4067,72.0007
1469566200,77.183,72.0007
1469566800,76.8313,72.0007
1469567400,76.1082,72.0007
1469568000,76.6357,72.0007
1469568600,77.1893,72.0007
1469569200,78.3947,72.0007
1469569800,79.0407,72.0007
1469570400,79.0917,72.0007
1469571000,78.7005,72.0007
1469571600,78.535,72.0007
1469572200,78.6,72.0007
1469572800,78.3923,72.0007
1469573400,77.946,72.001052688
1469574000,77.5362,72.0007
1469574600,77.0225,72.0007
1469575200,76.6037,72.0007
1469575800,76.0393,72.0007
1469576400,75.4413,72.0007
1469577000,73.7038,72.0007
1469577600,72.4647,72.0007
1470624600,72.6967,72.0007
1470625200,73.8268,72.0007
1470625800,75.7998,72.0007
1470626400,77.6333,72.0007
1470627000,78.8287,72.0007
1470627600,79.2943,72.0007
1470628200,79.1653,72.0007
1470628800,75.5978,72.0007
1470629400,73.0997,72.0007
1470630000,72.5125,72.0007
1470630600,72.152,72.0007
1470634800,73.1517,72.0007
1470635400,73.915,72.0007
1470636000,73.3372,72.0007
1469558400,75.8342,72.0007
1469559000,76.568,72.0007
1469559600,75.421,72.0007
1469560200,75.3382,72.0007
1469560800,75.62,72.0007
1469211000,73.2173,72.0007
1469211600,74.5583,72.0007
1469212200,75.812,72.0007
1469212800,76.4322,72.0007
1469213400,77.4417,72.0007
1469214000,78.2793,72.0007
1469214600,79.1863,72.0007
1469215200,78.9803,72.0007
1469215800,78.0487,72.0007
1469216400,77.4812,72.0007
1469217000,74.2945,72.0007
1469560800,76.0788,72.0007
1469561400,78.7243,72.0007
1469562000,79.819,72.0007
1469562600,79.3135,72.0007
1469563200,77.4818,72.0007
1469563800,74.4607,72.0007
1469564400,75.7385,72.0007
1469565000,76.1228,72.0007
1469565600,74.5017,72.0007
1469572200,72.3255,72.0007
1469572800,72.8645,72.0007
1469638800,72.5965,72.0007
1469639400,73.655,72.0007
1469640000,72.8222,72.0007
1469641200,72.4693,72.0007
1469641800,74.4507,72.0007
1469642400,75.3553,72.0007
1469643000,74.0565,72.0007
1469643600,73.814,72.0007
1469644200,74.8835,72.0007
1469644800,75.6922,72.0007
1469645400,75.17,72.0007
1469646000,74.3737,72.0007
1469646600,72.2913,72.0007
1469828400,76.0927,72.0007
1469829000,79.225,72.0007
1469829600,81.2135,72.0007
1469830200,82.7575,72.0007
1469830800,83.6502,72.0007
1469831400,84.0933,72.0007
1469832000,84.4433,72.0007
1469832600,84.3632,72.0122418699
1469833200,82.5855,72.0007
1469833800,78.3122,72.0007
1469834400,73.1307,72.0007
1469901600,72.8652,72.0007
1469902200,75.7255,72.0007
1469902800,76.5297,72.0007
1469903400,78.0438,72.0007
1469904000,79.1015,72.0007
1469904600,80.0593,72.0007
1469905200,79.9448,72.0007
1469905800,80.4053,72.0007
1469906400,80.2935,72.0007
1469907000,80.0918,72.0007
1469907600,79.0485,72.0022258636
1469908200,76.482,72.0007
1469908800,75.3798,72.0007
1469909400,75.8787,72.0007
1469910000,76.334,72.0007
1469910600,76.8255,72.0007
1469911200,77.2073,72.0007
1469911800,77.411,72.0007
1469912400,77.7122,72.0007
1469913000,78.0685,72.0007
1469913600,78.5925,72.0007
1469914200,78.8942,72.0007
1469914800,75.2723,72.0007
1470623400,72.1273,72.0007
1470624000,72.2815,72.0007
1470624600,72.1507,72.0007
1470627000,72.0328,72.0007
1470627600,72.3388,72.0007
1470769200,72.4,72.0007
1470769800,72.5707,72.0007
1470770400,72.9706,72.0007
1470771000,73.0483,72.0007
1470771600,73.0062,72.0007
1470772200,72.8983,72.0007
1470772800,72.4248,72.0007
1469130000,72.3265,72.0013020848
1469130600,75.1162,72.0007
1469131200,76.2128,72.0007
1469131800,77.6482,72.0007
1469132400,79.0367,72.0007
1469133000,79.9017,72.0007
1469591400,72.2648,72.0007
1469592000,72.4058,72.0007
1469130600,73.7293,72.0077572541
1469131200,75.7532,72.0007
1469131800,76.5375,72.0007
1469132400,76.9163,72.0007
1469133000,76.2297,72.0007
1469560200,72.141,72.0007
1469560800,74.3547,72.0007
1469561400,76.0722,72.0007
1469562000,76.5855,72.0007
1469562600,76.1867,72.0007
1469563200,72.8902,72.0007
1469572800,72.7864,72.0007
1469573400,74.281,72.0007
1469574000,74.9575,72.0007
1469574600,75.7227,72.0007
1469575200,73.9833,72.0007
1469575800,73.6123,72.0007
1469576400,74.6337,72.0007
1469577000,74.2193,72.0007
1469577600,74.287,72.0007
1469578200,75.2183,72.0007
1469578800,74.5958,72.0007
1469579400,72.9657,72.0007
1469580000,72.2238,72.0007
1469580600,72.946,72.0007
1469581200,73.2432,72.0007
1469581800,72.6513,72.0007
1469583000,72.1672,72.0007
1469583600,73.3187,72.0007
1469584200,74.6318,72.0007
1469584800,75.8597,72.0007
1469585400,75.6305,72.0007
1469586000,76.1879,72.0007
1469586600,76.9373,72.0007
1469587200,77.6268,72.0007
1469587800,78.0402,72.0007
1469588400,78.6973,72.0007
1469589000,79.4198,72.0007
1469589600,80.0147,72.0007
1469590200,79.6223,72.0007
1469590800,78.7858,72.0007
1469591400,77.6188,72.0007
1469592000,76.2947,72.0007
1469592600,74.4832,72.0007
1469593200,72.3715,72.0007
1468011600,72.888,72.0007
1468012200,73.528,72.0007
1468168800,72.413,72.0007
1468169400,73.9283,72.0007
1468170000,75.8945,72.0007
1468170600,77.4442,72.0007
1468171200,78.0357,72.0007
1468171800,78.8773,72.0007
1468172400,80.2605,72.0007
1468173000,80.6418,72.0007
1468173600,80.8642,72.0007
1468174200,81.3205,72.0007
1468174800,81.6218,72.0007
1468175400,81.2607,72.0007
1468176000,81.4163,72.0007
1468176600,80.9195,72.0007
1468177200,79.1682,72.0007
1468177800,78.3313,72.0007
1468178400,78.3078,72.0007
1468179000,78.3417,72.0007
1468179600,77.7935,72.0007
1468180200,75.8353,72.0007
1468180800,73.429,72.0007
1468181400,73.3282,72.0007
1468182000,73.4425,72.0007
1468182600,72.3362,72.0007
1468356600,72.4843,72.0007
1468357200,73.4695,72.0007
1468357800,74.1507,72.0007
1468358400,74.8623,72.0007
1468359000,75.2968,72.0007
1468359600,75.4388,72.0007
1468360200,75.6945,72.0007
1468360800,75.8727,72.0007
1468361400,75.132,72.0007
1468362000,73.8245,72.0007
1468362600,72.367,72.0007
1468363200,72.1648,72.0007
1468363800,72.0587,72.0012049066
1468532400,73.5278,72.0007
1468533000,74.711,72.0007
1468533600,75.8215,72.0007
1468534200,76.3465,72.0007
1468534800,76.6625,72.0033857253
1468535400,76.7538,72.0036566862
1468536000,76.7017,72.0092831038
1468536600,74.833,72.0007
1468537200,74.5662,72.0007
1468537800,74.6645,72.0007
1468538400,75.255,72.0007
1468539000,75.2653,72.0007
1468539600,74.4493,72.0007
1468540200,74.3268,72.0021843088
1468540800,74.2532,72.0007
1468541400,72.727,72.0007
1468619400,72.3427,72.0023174439
1468620000,72.9347,72.0007
1468620600,72.6068,72.0007
1468626000,72.4412,72.0007
1468626600,73.4933,72.002379692
1468627200,74.4014,72.0007
1468627800,74.4771,72.0007
1468628400,74.7712,72.0021222011
1468629000,75.274,72.017472591
1468629600,75.1947,72.0217888607
1468630200,74.9155,72.023171063
1468630800,74.8075,72.0007
1468631400,74.9791,72.0007
1468632000,74.1012,72.0007
1468954200,73.7173,72.0007
1468954800,75.312,72.0007
1468955400,75.0513,72.0007
1468956000,75.5192,72.0007
1468956600,75.691,72.0007
1468957200,75.1615,72.0007
1468957800,73.8315,72.0007
1468958400,73.698,72.0007
1468959000,74.0727,72.0007
1468959600,73.7158,72.0007
1468960200,73.1412,72.0007
1470834000,72.0488,72.0007
1470834600,72.9547,72.0007
1470835200,74.9355,72.0007
1470835800,75.8465,72.0007
1470836400,76.5255,72.0007
1470837000,76.7757,72.0007
1470837600,77.379,72.0007
1470838200,77.7925,72.0007
1470838800,77.671,72.0007
1470839400,77.3912,72.0007
1470840000,76.818,72.0007
1470840600,76.721,72.0007
1470841200,76.5167,72.0007
1470841800,75.2452,72.0007
1470842400,74.8645,72.0007
1470843000,74.6575,72.0007
1470843600,75.2437,72.0007
1470844200,75.5112,72.0007
1470844800,75.4203,72.0007
1470845400,75.2108,72.0007
1470846000,75.1015,72.0007
1470846600,75.316,72.0007
1470847200,76.1498,72.0007
1470847800,76.8578,72.0007
1470848400,77.0,72.0007
1470849000,77.204,72.0007
1470849600,77.308,72.0007
1470850200,77.2855,72.0007
1470850800,77.0637,72.0007
1470851400,77.2263,72.0007
1470852000,77.9154,72.0007
1470852600,78.4718,72.0007
1470853200,78.4158,72.0007
1470853800,78.2265,72.0007
1470854400,78.4837,72.0007
1470855600,79.5675,72.0007
1470856200,79.3707,72.0007
1470856800,79.2611,72.0007
1470857400,79.5081,72.0007
1470858600,80.4769,72.0007
1470859200,80.7479,72.0007
1470859800,80.9392,72.0007
1470861000,81.7611,72.0007
1470863400,81.4515,72.0007
1470864000,80.6012,72.0007
1470864600,79.5907,72.0007
1470865200,78.3953,72.0007
1470865800,77.2385,72.0007
1470866400,76.5303,72.0007
1470867000,75.6208,72.0007
1470867600,74.9893,72.0007
1470868200,74.3583,72.0007
1470868800,73.6515,72.0007
1470869400,73.1338,72.0007
1470870000,72.7737,72.0007
1470870600,72.4823,72.0007
1468861200,72.1257,72.0007
1468864800,73.1877,72.0007
1468865400,74.6588,72.0007
1468866000,73.4382,72.0007
1468871400,75.2793,72.0007
1468872000,77.7808,72.0007
1468872600,79.1312,72.0007
1468873200,78.2752,72.0007
1468873800,74.5787,72.0007
1468889400,74.1225,72.0007
1468890000,75.9755,72.0007
1468890600,77.2645,72.0007
1468891200,78.379,72.0007
1468891800,79.3747,72.0007
1468892400,80.1287,72.0007
1468893000,80.4002,72.0007
1468893600,80.4617,72.0007
1468894200,80.5788,72.0007
1468894800,79.8363,72.0007
1468895400,78.0538,72.0007
1468896000,76.6872,72.0007
1468896600,76.8182,72.0007
1468897200,76.6478,72.0007
1468897800,76.5343,72.0007
1468898400,76.1758,72.0007
1468899000,75.739,72.0007
1468899600,75.1813,72.0007
1468900200,75.1877,72.0007
1468900800,75.1198,72.0007
1468901400,73.5065,72.0007
1468903800,72.0692,72.0007
1468904400,72.4518,72.0007
1468905000,73.128,72.0007
1468905600,73.6575,72.0007
1468906200,74.091,72.0007
1468906800,74.3505,72.0007
1468907400,74.7018,72.0007
1468908000,75.183,72.0007
1468951200,75.7598,72.0007
1468951800,78.1303,72.0007
1468952400,79.5558,72.0007
1468953000,81.0898,72.0007
1468953600,82.1367,72.0007
1468954200,82.4015,72.0007
1468954800,82.3633,72.0007
1468955400,82.284,72.0007
1468956000,81.7978,72.0007
1468956600,81.088,72.0007
1468957200,79.681,72.0007
1468957800,77.9187,72.0007
1468958400,77.4958,72.0007
1468959000,77.0607,72.0007
1468959600,76.0758,72.0007
1468960200,73.9687,72.0007
1467832800,72.071,72.0007
1467833400,74.3987,72.0007
1467834600,78.6703,72.0007
1467835200,79.7117,72.0007
1467835800,80.0,72.0007
1467836400,79.5687,72.0007
1467837000,76.907,72.0007
1467848400,73.6443,72.0118384652
1467849000,75.2512,72.0007
1467849600,74.6325,72.0007
1467850200,74.7918,72.0007
1467850800,75.2512,72.0007
1467851400,75.8852,72.0028673262
1467852000,73.3122,72.0007
1468012800,73.8102,72.0007
1468013400,75.0987,72.0007
1468014000,75.2178,72.0007
1468014600,75.1757,72.0042440624
1468015200,74.8788,72.0007
1468015800,74.4305,72.0007
1468016400,74.0145,72.0007
1468017000,73.5008,72.0007
1468017600,73.2,72.0045229813
1468018200,72.9703,72.0025826369
1468018800,72.301,72.0007
1468170000,73.7985,72.0007
1468170600,75.4347,72.0007
1468171200,74.8195,72.0007
1468171800,75.8152,72.0007
1468172400,76.5518,72.0007
1468173000,76.543,72.0007
1468173600,77.1932,72.0007
1468174200,77.4617,72.0007
1468174800,77.5673,72.0007
1468175400,76.5527,72.0007
1468176000,76.0075,72.0007
1468176600,74.1068,72.0007
1468177200,74.2118,72.0007
1468352400,74.308,72.0007
1468353000,75.7987,72.0007
1468353600,76.0632,72.0007
1468354200,75.2327,72.0007
1468354800,74.5593,72.0007
1468355400,74.2268,72.0007
1468356000,74.1492,72.0007
1468356600,74.8128,72.0007
1468357200,74.8038,72.0007
1468357800,74.5747,72.0007
1468358400,74.4272,72.0007
1468359000,74.0187,72.0007
1468359600,72.7168,72.0007
1468360200,72.3447,72.0007
1468360800,72.2303,72.0007
1468525800,72.3363,72.0007
1468526400,72.6447,72.0007
1468533000,72.2657,72.0007
1468533600,72.7433,72.0007
1468534200,73.594,72.0007
1468534800,74.5183,72.0007
1468535400,74.8378,72.0007
1468536000,73.7638,72.0007
1468548000,72.007,72.0007
1468548600,72.3067,72.0007
1468549200,72.0633,72.0007
1468616400,72.5021,72.0007
1468617000,74.1995,72.0007
1468617600,74.9871,72.0007
1468618200,75.2258,72.0007
1468618800,75.6879,72.0007
1468619400,75.5914,72.0007
1468620000,75.4279,72.0007
1468620600,75.3148,72.0007
1468621200,74.8375,72.0007
1468621800,74.0567,72.0007
1468622400,73.7679,72.0007
1468623000,74.3311,72.0009299438
1468623600,74.9117,72.0007
1468624200,75.4384,72.0007
1468624800,75.8196,72.0007
1468625400,75.8521,72.0007
1468626000,75.4726,72.0007
1468626600,75.1425,72.0055239484
1468627200,75.4008,72.0007
1468627800,77.2303,72.0007
1468628400,78.4971,72.0083499151
1468629000,79.3064,72.0007
1468629600,79.5872,72.0007
1468630200,79.4503,72.0007
1468630800,78.8288,72.0007
1468631400,78.5078,72.0007
1468632000,78.6538,72.0007
1468632600,78.1812,72.0007
1468633200,77.676,72.0007
1468633800,77.6777,72.0007
1468634400,77.5675,72.0007
1468635000,77.5,72.0007
1468635600,77.475,72.0007
1468636200,77.5951,72.0007
1468636800,77.5737,72.0007
1468637400,77.5,72.0007
1468638000,77.4015,72.0007
1468638600,77.2061,72.0007
1468639200,76.9677,72.0007
1468639800,76.7478,72.0007
1468640400,76.271,72.0007
1468641000,74.6106,72.0007
1468644000,72.1985,72.0007
1468644600,72.5976,72.0007
1468646400,72.1602,72.0007
1468647000,72.7954,72.0007
1468647600,72.8724,72.0007
1468648200,72.4097,72.0007
1468871400,74.0412,72.0007
1468872000,76.6023,72.0007
1468872600,78.0452,72.0007
1468873200,78.4255,72.0007
1468873800,76.2443,72.0007
1468889400,74.6142,72.0007
1468890000,77.2798,72.0007
1468890600,78.7612,72.0007
1468891200,79.6677,72.0007
1468891800,80.0383,72.0007
1468892400,79.5995,72.0007
1468893000,77.8497,72.0007
1468893600,75.1255,72.0007
1468894200,73.2773,72.0007
1468905000,72.503,72.0007
1468905600,72.7,72.0007
1468906200,72.5365,72.0007
1468906800,72.1353,72.0007
1468907400,72.4123,72.0007
1468908000,73.019,72.0007
1468908600,73.273,72.0007
1468909200,73.387,72.0007
1468909800,72.7667,72.0007
1468951800,73.7337,72.0007
1468952400,76.8193,72.0007
1468953000,78.509,72.0007
1468953600,79.4967,72.0007
1468954200,80.1677,72.0007
1468954800,80.523,72.0007
1468955400,80.3363,72.0007
1468956000,79.9343,72.0007
1468956600,79.2178,72.0007
1468957200,78.816,72.0007
1468957800,77.5645,72.0007
1468958400,76.8357,72.0007
1468959000,76.6265,72.0007
1468959600,76.1013,72.0007
1468960200,75.8573,72.0007
1468960800,75.1483,72.0007
1468961400,72.633,72.0007
1467579000,73.746,72.0007
1467579600,75.0147,72.0007
1467580200,74.799,72.0007
1467580800,74.3138,72.0007
1467581400,72.6098,72.0007
1467582000,72.5775,72.0007
1467582600,72.5642,72.0007
1467583200,72.4192,72.0007
1467654600,73.7611,72.0007
1467655200,76.6963,72.0007
1467655800,78.7937,72.0007
1467656400,80.4152,72.0007
1467657000,81.7417,72.0007
1467657600,82.1702,72.0007
1467658200,82.5204,72.0007
1467658800,83.4815,72.0007
1467659400,83.485,72.0007
1467660000,82.5568,72.0007
1467660600,82.1335,72.0007
1467661200,78.1225,72.0007
1467833400,72.4397,72.0007
1467834000,75.0168,72.0007
1467834600,76.7507,72.0031340353
1467835200,78.2275,72.0007
1467835800,79.2128,72.0007
1467836400,79.8628,72.0007
1467837000,79.6347,72.0007
1467850800,72.6388,72.0007
1467851400,73.899,72.0007
1467852000,72.9568,72.0007
1468014600,73.0912,72.0007
1468015200,73.9182,72.0007
1468015800,74.5075,72.0007
1468016400,75.458,72.0147653692
1468017000,76.3327,72.0201632429
1468017600,77.2447,72.028990352
1468018200,77.7477,72.0297100879
1468018800,76.7452,72.0007
1468019400,74.0038,72.0007
1468170000,73.1168,72.0007
1468170600,73.801,72.0007
1468171200,74.997,72.0007
1468171800,76.2905,72.0007
1468172400,77.2113,72.0007
1468173000,77.5982,72.0007
1468173600,78.1085,72.0007
1468174200,78.407,72.0007
1468174800,78.7825,72.0007
1468175400,78.971,72.0007
1468176000,78.8822,72.0007
1468176600,78.0432,72.0007
1468177200,78.156,72.0007
1468177800,76.731,72.0007
1468178400,76.0867,72.0007
1468179000,76.4557,72.0007
1468179600,75.645,72.0007
1468180200,72.2097,72.0007
1468185600,72.5557,72.0007
1468186200,73.138,72.0007
1468186800,73.1252,72.0007
1468351800,72.3275,72.0007
1468352400,73.8263,72.0007
1468353000,73.9668,72.0145316333
1468353600,74.5778,72.0007
1468354200,75.0512,72.0007
1468354800,74.8925,72.0007
1468355400,74.9862,72.0134504179
1468356000,75.1055,72.0007
1468356600,75.0328,72.0147544492
1468357200,75.231,72.0007
1468357800,76.0457,72.0011841648
1468358400,76.5492,72.0007
1468359000,75.3495,72.0007
1468359600,73.6425,72.0007
1468360200,72.6687,72.0007
1468360800,72.3978,72.0007
1468361400,72.1643,72.0007
1471149600,72.3865,72.00263286
1471150200,73.0398,72.0073673584
1471150800,73.759,72.0007
1471151400,75.0343,72.0007
1471152000,76.2362,72.0007
1471152600,76.9927,72.0011966581
1471153200,77.6043,72.0060876572
1471153800,78.0278,72.0191585921
1471154400,78.606,72.0007
1471155000,78.3099,72.0007
1471155600,74.5535,72.0007
1471218000,72.4943,72.0007
1471218600,74.9157,72.0007
1471219200,76.5403,72.0007
1471219800,77.6007,72.0007
1471220400,77.7965,72.0007
1471221000,74.944,72.0007
1471221600,73.646,72.0007
1471222200,72.6117,72.0007
1471387800,73.8582,72.0007
1471388400,75.8127,72.0007
1471389000,77.5859,72.0007
1471389600,78.866,72.0007
1471390200,79.4043,72.0007
1471390800,79.4065,72.0007
1471391400,78.6162,72.0039527439
1471392000,76.9488,72.0007
1471392600,73.8405,72.0007
1471459200,74.4718,72.0007
1471459800,75.5722,72.0007
1471460400,74.4546,72.0007
1471461000,73.1208,72.0007
1471461600,72.7192,72.0007
1471627200,72.902,72.0007
1471627800,73.3083,72.0007
1471628400,73.263,72.0007
1471629000,74.1167,72.0007
1471629600,73.7202,72.0007
1471824000,72.9058,72.0007
1471824600,74.6602,72.0007
1471825200,75.713,72.0007
1471825800,75.9387,72.0007
1471826400,75.5162,72.0007
1471827000,72.5637,72.0007
1472005200,74.1645,72.0007
1472005800,75.8207,72.0007
1472006400,77.1512,72.0007
1472007000,78.0573,72.0046333076
1472007600,78.8337,72.0007
1472008200,79.9348,72.0007
1472008800,81.1417,72.0007
1472009400,82.5978,72.0007
1472010000,83.4568,72.0007
1472010600,83.8983,72.004316224
1472011200,84.1723,72.0007
1472011800,83.7502,72.0007
1472012400,82.9695,72.0007
1472013000,82.148,72.0007
1472013600,81.5627,72.0007
1472014200,81.0735,72.0007
1472014800,80.5123,72.0007
1472015400,80.2982,72.0007
1472016000,80.1067,72.0007
1472016600,79.2442,72.0007
1472017200,78.4572,72.0007
1472017800,78.3713,72.0007
1472018400,78.08,72.0007
1472019000,77.3808,72.0007
1472019600,77.0995,72.0007
1472020200,77.2055,72.0007
1472020800,77.5508,72.0007
1472021400,77.999,72.0007
1472022000,77.5532,72.0007
1472022600,75.3273,72.0007
1472068200,73.7327,72.0007
1472068800,76.6705,72.0007
1472069400,79.0714,72.0007
1472070000,80.8067,72.0007
1472070600,81.6697,72.0007
1472071200,80.2215,72.0007
1472071800,80.0491,72.0007
1472072400,78.3843,72.0007
1472073000,73.1218,72.0007
1472086200,73.227,72.0007
1472086800,74.1167,72.0007
1472087400,73.9845,72.0007
1472088000,74.1265,72.0007
1472088600,74.1675,72.0007
1472089200,73.6902,72.0007
1472089800,72.6198,72.0007
1472090400,72.7933,72.0007
1472091000,72.9284,72.0007
1472091600,73.3407,72.0007
1472092200,74.2678,72.0007
1472092800,75.7857,72.0007
1472093400,76.4867,72.0017852139
1472094000,76.6912,72.0007
1472094600,76.5993,72.0007
1472095200,76.4708,72.0007
1472095800,76.3743,72.0007
1472096400,75.9505,72.0007
1472097000,75.6045,72.0007
1472097600,73.825,72.0007
1468950600,73.7433,72.0007
1468951200,75.5075,72.0007
1468951800,77.2093,72.0007
1468952400,77.5745,72.0007
1468953000,77.8065,72.0007
1468953600,78.2339,72.0007
1468954200,79.2588,72.0007
1468954800,80.2905,72.0007
1468955400,80.9882,72.0007
1468956000,80.6862,72.0007
1468956600,80.1575,72.0007
1468957200,79.1795,72.0007
1468957800,77.8795,72.0007
1468958400,77.3842,72.0007
1468959000,76.7088,72.0007
1468959600,75.636,72.0007
1468960200,73.7439,72.0007
1469133000,72.4283,72.0007
1469410200,73.481,72.0007
1469410800,74.1607,72.0069207864
1469411400,74.048,72.0050698686
1469412000,73.4845,72.0007
1469412600,73.3822,72.0007
1469560800,72.8042,72.0007
1469561400,74.9822,72.0007
1469562000,76.5533,72.002352452
1469562600,77.8072,72.0093938942
1469563200,78.1455,72.0042936039
1469563800,78.473,72.0007
1469564400,78.8458,72.0069891338
1469565000,78.8045,72.0031365194
1469565600,78.2415,72.0007
1469566200,77.4612,72.007701211
1469566800,76.5885,72.0007
1469567400,74.8558,72.0007
1469568000,74.357,72.0007
1469568600,74.1007,72.0007
1469569200,73.3393,72.0007
1469569800,73.6165,72.0007
1469570400,73.141,72.0007
1469571000,74.1765,72.0007
1469571600,74.9802,72.0007
1469572200,75.142,72.0007
1469572800,74.5212,72.0007
1469573400,75.8387,72.0033491925
1469574000,76.7015,72.0007
1469574600,77.2448,72.0022114499
1469575200,76.8627,72.0077976259
1469575800,76.6335,72.0036725223
1469576400,76.1953,72.0007
1469577000,74.1518,72.0007
1469577600,73.6547,72.0007
1469578200,74.7213,72.0007
1469578800,74.2008,72.0007
1469579400,73.1798,72.0007
1469580000,72.4473,72.0007
1469580600,72.3505,72.0007
1469581200,72.2362,72.0007
1469582400,73.0254,72.0007
1469583000,74.302,72.0007
1469583600,75.3768,72.0007
1469584200,76.3425,72.0020433987
1469584800,77.0352,72.0007
1469585400,77.7815,72.0007
1469586000,78.2727,72.0007
1469586600,78.5073,72.0007
1469587200,78.4393,72.0007
1469587800,78.1987,72.0050169436
1469588400,78.1455,72.0007
1469589000,78.1037,72.004630853
1469589600,77.8302,72.0007
1469590200,77.3505,72.0007
1469590800,76.428,72.0047965607
1469591400,75.1142,72.0007
1469592000,73.856,72.0007
1469637600,74.0242,72.0007
1469638200,74.5175,72.0007
1469638800,74.9693,72.0007
1469639400,73.7365,72.0007
1469640000,73.557,72.0007
1469640600,72.7545,72.0007
1469641800,72.3908,72.0007
1469642400,75.1678,72.0007
1469643000,76.2142,72.0007
1469643600,75.8015,72.0007
1469644200,75.3818,72.0007
1469644800,74.1837,72.0007
1469645400,75.2103,72.0039135821
1469646000,76.6345,72.0007
1469646600,77.0625,72.0007
1469647200,77.1182,72.0007
1469647800,74.9942,72.0007
1469656200,72.7028,72.0007
1469656800,73.0577,72.0007
1469657400,74.5688,72.0007
1469658000,75.2787,72.0007
1469658600,74.2607,72.0007
1469661000,73.0148,72.0007
1469661600,74.0277,72.0007
1469662200,75.3353,72.0007
1469662800,76.5175,72.0070497183
1469663400,77.2233,72.0079939407
1469664000,77.8375,72.0007
1469664600,78.2845,72.0007
1469665200,78.598,72.0007
1469665800,78.0268,72.0007
1469666400,77.4807,72.0026139465
1469667000,77.0455,72.0264547306
1469667600,77.6395,72.0007
1469668200,77.4985,72.0007
1469668800,75.1213,72.0007
1469669400,73.3787,72.0007
1469670000,72.515,72.0007
1469829000,75.797,72.0007
1469829600,79.1988,72.0007
1469830200,81.4053,72.0007
1469830800,82.7602,72.0007
1469831400,83.5233,72.0007
1469832000,83.7517,72.0007
1469832600,83.3278,72.0007
1469833200,81.5928,72.0007
1469833800,77.8877,72.0007
1469834400,73.6737,72.0007
1469899200,72.359,72.0007
1469899800,74.0322,72.0007
1469900400,76.642,72.0007
1469901000,78.3972,72.0007
1469901600,78.8058,72.0007
1469902200,79.7748,72.0007
1469902800,80.575,72.0007
1469903400,80.5955,72.0007
1469904000,80.4837,72.0007
1469904600,80.608,72.0007
1469905200,80.0243,72.0007
1469905800,79.8147,72.0007
1469906400,79.71,72.0007
1469907000,79.1777,72.0007
1469907600,78.9842,72.0007
1469908200,78.4592,72.0007
1469908800,77.1945,72.0007
1469909400,76.2108,72.0007
1469910000,76.331,72.0007
1469910600,76.6215,72.0007
1469911200,76.9557,72.0007
1469911800,77.3445,72.0007
1469912400,77.8155,72.0007
1469913000,78.4158,72.0007
1469913600,79.0207,72.0007
1469914200,78.5835,72.0007
1470330000,73.0163,72.0007
1470330600,72.6128,72.0007
1470331200,72.814,72.0007
1470461400,72.2918,72.0213322135
1470462000,74.0708,72.0254230566
1470462600,75.288,72.0306986267
1470463200,75.9923,72.0049086729
1470463800,76.4987,72.0160227751
1470464400,76.9508,72.0295133013
1470465000,77.194,72.0136955169
1470465600,76.8287,72.0007
1470466200,74.402,72.0007
1470466800,73.232,72.0007
1470467400,73.1608,72.0007
1470468000,72.9524,72.0007
1470504000,73.935,72.0007
1470504600,74.959,72.0007
1470505200,76.6222,72.0049883184
1470505800,77.9317,72.0007
1470506400,78.4082,72.0007
1470507000,79.03,72.0007
1470507600,79.114,72.0007
1470508200,79.0743,72.0012163782
1470508800,79.1207,72.0019434086
1470509400,77.3427,72.0024389426
1470510000,74.6138,72.0007
1470510600,73.1538,72.0007
1470511200,72.0197,72.0007
1470516000,72.6587,72.0007
1470516600,74.1975,72.0007636697
1470517200,75.3027,72.0007
1470517800,75.5099,72.0007
1470518400,75.4922,72.0007
1470519000,76.9095,72.0007
1470519600,77.6685,72.0007
1470520200,76.6823,72.0048202672
1470520800,76.4963,72.0007
1470521400,77.1732,72.0039168208
1470522000,78.1957,72.0158855287
1470522600,79.0758,72.0118300788
1470523200,79.6365,72.0007
1470523800,79.755,72.0082735751
1470524400,79.6217,72.0007
1470525000,79.7193,72.0007
1470525600,79.895,72.0023147716
1470526200,79.949,72.002627678
1470526800,79.8138,72.0047417869
1470527400,79.1217,72.0036658585
1470528000,78.2095,72.0007
1470528600,77.7338,72.0007
1470529200,77.7242,72.0016932937
1470529800,77.7452,72.008468509
1470530400,77.0078,72.0007
1470531000,75.9403,72.0007
1470531600,74.505,72.0007
1470549600,72.2478,72.0007
1470550200,73.9685,72.0007
1470550800,73.6497,72.0007
1470551400,73.4663,72.0007
1470552000,74.5757,72.0007
1470552600,74.3738,72.0007
1470553200,72.5023,72.0007
1470580200,74.344,72.0007
1470580800,76.949,72.0007
1470581400,78.4908,72.0007
1470582000,78.5223,72.0007
1470582600,78.1952,72.0007
1470583200,78.4285,72.0007
1470583800,77.6713,72.0007
1470584400,79.0743,72.0007
1470585000,80.0245,72.0062654392
1470585600,80.7438,72.0007
1470586200,81.0633,72.0007
1470586800,81.2317,72.0007
1470587400,81.3503,72.0007
1470588000,81.4007,72.0007
1470588600,81.378,72.0062771936
1470589200,81.054,72.0007
1470589800,80.7783,72.0007
1470590400,80.9823,72.0007
1470591000,80.9392,72.0007
1470591600,80.8468,72.0007
1470592200,81.1815,72.0007
1470592800,81.5408,72.0007
1470593400,81.7273,72.0007
1470594000,82.0855,72.0007
1470594600,82.4413,72.0007
1470595200,82.4,72.0007
1470595800,82.4992,72.0007
1470596400,82.6785,72.0007
1470597000,82.7528,72.0007
1470597600,82.6927,72.0007
1470598200,82.4477,72.0007
1470598800,82.0455,72.0007
1470599400,81.3938,72.0007
1470600000,80.7283,72.0007
1470600600,79.6162,72.0007
1470601200,78.9775,72.0007
1470601800,78.2128,72.0007
1470602400,77.0215,72.0007
1470603000,75.4875,72.0007
1470603600,72.6513,72.0007
1470604200,72.4413,72.0007
1470604800,73.2638,72.0007
1470605400,73.5773,72.0007
1470606000,73.7377,72.0007
1470606600,73.9,72.0007
1470607200,73.9167,72.0007
1470607800,73.5667,72.0007
1470608400,73.0953,72.0007
1470609000,72.7838,72.0007
1470609600,72.5727,72.0023218509
1470610200,72.475,72.0037175258
1470610800,72.3188,72.0007
1470611400,72.1813,72.0007
1470612000,72.5698,72.0007
1470612600,72.7903,72.0007
1470613200,72.3308,72.0007
1470617400,72.1944,72.0007
1470618000,73.665,72.0007
1470618600,75.1838,72.0007
1470619200,76.506,72.0007
1470619800,77.195,72.0007
1470620400,78.1763,72.0007
1470621000,79.3322,72.0007
1470621600,80.03,72.0007
1470622200,80.5642,72.0007
1470622800,80.9415,72.0007
1470623400,81.3773,72.0007
1470624000,81.7052,72.0007
1470624600,81.96,72.0007783224
1470625200,82.1007,72.0007
1470625800,82.2,72.0007
1470626400,82.2,72.0007
1470627000,82.2385,72.0007
1470627600,82.2672,72.0007
1470628200,82.1547,72.0007
1470628800,82.2398,72.0007
1470629400,81.4458,72.0007
1470630000,79.5162,72.0007
1470630600,78.2462,72.0007
1470631200,77.682,72.0007
1470631800,77.3208,72.0009481125
1470632400,76.7584,72.0007
1470633000,76.5,72.0007
1470633600,76.5053,72.0007
1470634200,76.7537,72.0007
1470634800,77.5428,72.0007
1470635400,78.4957,72.0007
1470636000,78.7215,72.0007
1470636600,78.2255,72.0007
1470637200,77.7803,72.0007
1470637800,76.5233,72.0007
1470726600,73.7987,72.0007
1470727200,76.1129,72.0007
1470727800,77.1872,72.0007
1470728400,77.8098,72.0126579978
1470729000,78.021,72.0143343601
1470729600,78.0878,72.0007
1470730200,77.7338,72.0007
1470730800,77.5202,72.0007
1470731400,77.1998,72.0007
1470732000,77.1498,72.0007
1470732600,76.7747,72.0007
1470733200,76.1235,72.0007
1470733800,75.1803,72.0007
1470734400,74.6922,72.0007
1470735000,74.5833,72.0007
1470735600,74.5488,72.0007
1470736200,74.5617,72.0007
1470736800,74.3237,72.0007
1470737400,73.488,72.0007
1470738000,72.7067,72.0007
1470744000,72.1667,72.0007
1470744600,72.2877,72.0007
1470745200,72.7127,72.0007
1470745800,73.1287,72.0007
1470746400,73.4015,72.0007
1470747000,73.2132,72.0007
1470747600,73.4575,72.0007
1470748200,74.2598,72.0007
1470748800,75.2195,72.0007
1470749400,76.3078,72.0007
1470750000,77.228,72.0007
1470750600,77.8868,72.0007
1470751200,78.4699,72.0007
1470751800,79.011,72.0007
1470752400,79.3093,72.0007
1470753000,79.5245,72.0007
1470753600,79.9565,72.0007
1470754200,80.2458,72.0007
1470754800,80.4033,72.0007
1470755400,80.565,72.0007
1470756000,80.615,72.0007
1470756600,80.9433,72.0007
1470757800,81.6442,72.0007
1470758400,82.0,72.0007
1470760200,82.35,72.0007
1470763200,83.2947,72.0007
1470763800,83.3029,72.0007
1470768000,81.6361,72.0007
1470768600,81.7117,72.0007
1470769800,81.355,72.0007
1470770400,81.5863,72.0007
1470771000,81.9793,72.0007
1470771600,82.1372,72.0007
1470772200,82.071,72.0007
1470772800,81.7782,72.0007
1470773400,81.5708,72.0007
1470774000,81.2407,72.0007
1470774600,81.0095,72.0007
1470775200,81.0132,72.0007
1470775800,81.0985,72.0007
1470776400,81.0492,72.0007
1470777000,81.1,72.0007
1470777600,81.1,72.0007
1470778200,81.0853,72.0007
1470778800,80.873,72.0007
1470779400,80.681,72.0007
1470780000,80.5832,72.0007
1470780600,80.5993,72.0007
1470781200,80.6,72.0007
1470781800,80.568,72.0007
1470782400,80.6652,72.0007
1470783000,81.2097,72.0007
1470783600,81.3988,72.0007
1470784200,81.5,72.0007
1470784800,81.5188,72.0007
1470785400,81.6168,72.0007
1470786000,81.771,72.0007
1470786600,81.8563,72.0007
1470787200,81.7972,72.0007
1470787800,81.553,72.0007
1470788400,81.056,72.0007
1470789000,80.3968,72.0007
1470789600,79.6267,72.0007
1470790200,78.7897,72.0007
1470790800,78.1648,72.0007
1470791400,77.9117,72.0007
1470792000,77.5877,72.0007
1470792600,76.7875,72.0007
1470793200,75.9932,72.0007
1470793800,75.311,72.0007
1470794400,74.8238,72.0007
1470795000,74.3433,72.0007
1470795600,74.1233,72.0007
1470796200,74.0298,72.0007
1470796800,74.1967,72.0007
1470797400,74.4705,72.0007
1470798000,74.9517,72.0007
1470798600,75.48,72.0007
1470799200,75.93,72.0007
1470799800,76.3225,72.0007
1470800400,76.7252,72.0007
1470801600,77.3765,72.0007
1470802200,77.5777,72.0007
1470802800,77.694,72.0007
1470803400,77.6312,72.0007
1470804000,77.554,72.0007
1470804600,77.356,72.0036202338
1470805200,76.9488,72.0007
1470805800,76.446,72.0007
1470806400,75.8435,72.0007
1470807000,75.2738,72.0007
1470807600,74.761,72.0007409941
1470808200,74.1155,72.0007
1470808800,73.4402,72.0007
1470809400,72.489,72.0007
1470810000,72.0278,72.0007
1470813600,72.1405,72.0007
1470814200,72.4677,72.0007
1470814800,73.0507,72.0007
1470815400,73.8163,72.0007
1470816000,74.71,72.0007
1470816600,75.2194,72.0007
1470817200,76.3083,72.0007
1470817800,77.4504,72.0007
1470818400,77.9752,72.0007
1470819600,79.1578,72.0007
1470820800,80.3778,72.0007
1470821400,80.9022,72.0007
1470822000,81.55,72.0007
1470823200,81.8667,72.0007
1470823800,82.0014,72.0007
1470824400,82.225,72.0007
1470825000,82.5294,72.0007
1470825600,82.8229,72.0007
1470826200,83.1361,72.0007
1470826800,83.3396,72.0007
1470827400,83.042,72.0007
1470828000,82.565,72.0007
1470828600,82.3272,72.0007
1470829200,81.931,72.0007
1470829800,81.3502,72.0007
1470830400,80.4005,72.0007
1470831000,79.6618,72.0007
1470831600,79.3428,72.0007
1470832200,79.5825,72.0007
1470832800,79.6127,72.0007
1470833400,78.906,72.0007
1470834000,77.9125,72.0007
1470834600,77.4215,72.0007
1470835200,77.8208,72.0007
1470835800,77.6093,72.0007
1470836400,77.227,72.0007
1470837000,76.8852,72.0007
1470837600,76.5318,72.0007
1470838200,76.7585,72.0007
1470838800,76.5352,72.0007
1470839400,76.2407,72.0007
1470840000,75.8902,72.0007
1470840600,75.6672,72.0007
1470841200,76.1668,72.0007
1470841800,76.4523,72.0007
1470842400,75.7067,72.0007
1470843000,74.7005,72.0007
1470843600,74.5,72.0007
1470844200,74.5037,72.0007
1470844800,74.6068,72.0007
1470845400,75.2028,72.0007
1470846000,76.016,72.0007
1470846600,76.4328,72.0007
1470847200,76.7775,72.0007
1470847800,77.1293,72.0007
1470848400,77.3543,72.0007
1470849000,77.5837,72.0007
1470849600,77.729,72.0007
1470850200,77.7312,72.0007
1470850800,77.7613,72.0007
1470851400,77.9979,72.0007
1470852000,78.663,72.0007
1470852600,79.2756,72.0007
1470853200,79.31,72.0007
1470853800,79.0547,72.0007
1470854400,78.9613,72.0007
1470855000,79.0183,72.0007
1470855600,79.2727,72.0007
1470858000,80.96,72.0007
1470858600,81.4913,72.0007
1470859200,81.7563,72.0007
1470859800,81.6912,72.0007
1470860400,81.7667,72.0007
1470863400,79.9909,72.0007
1470864000,79.4635,72.0007
1470864600,78.917,72.0007
1470865200,78.3277,72.0007
1470865800,77.6272,72.0007
1470866400,77.0997,72.0007
1470867000,76.291,72.0007
1470867600,75.0662,72.0007
1470868200,74.3643,72.0007
1470868800,74.1748,72.0007
1470869400,74.1327,72.0007
1470870000,74.1542,72.0007
1470870600,73.9287,72.0007
1470871200,73.6317,72.0007
1467497400,73.2235,72.0007
1467498000,73.034,72.0148629897
1467498600,73.1235,72.0157763186
1467499200,72.3597,72.0098554887
1467583200,72.193,72.0007
1467583800,72.8938,72.0007
1467584400,72.1687,72.0007
1467654600,74.7502,72.0007
1467655200,77.3796,72.0007
1467655800,78.9557,72.001563621
1467656400,80.3777,72.0032348147
1467657000,81.7022,72.0058778143
1467657600,82.6088,72.0041888121
1467658200,82.9471,72.0091182817
1467658800,83.0,72.0007
1467659400,82.6342,72.0007
1467660000,80.6907,72.0007
1467660600,79.6293,72.0007
1467661200,75.1732,72.0007
1467835200,73.201,72.0007
1467835800,75.6253,72.0007
1467836400,76.7747,72.0007
1467837000,76.8307,72.0007
1468171200,72.6208,72.0007
1468171800,73.7882,72.0007
1468172400,74.5758,72.0007
1468173000,75.1003,72.0007
1468173600,75.6373,72.0007
1468174200,75.4137,72.0007
1468174800,75.0992,72.0007
1468175400,75.559,72.0007
1468176000,76.0463,72.0007
1468176600,75.6978,72.0007
1468177200,75.6668,72.0007
1468177800,74.1162,72.0007
1468616400,72.36,72.0007
1468617000,72.5537,72.0007
1468617600,72.8813,72.0007
1468618200,73.405,72.0007
1468618800,73.9251,72.0007
1468619400,74.141,72.0007
1468620000,74.0595,72.0007
1468620600,73.9016,72.0007
1468621200,73.1614,72.0007
1468621800,72.6205,72.0007
1468622400,72.7451,72.0007
1468623000,73.2424,72.0007
1468623600,73.7188,72.0007
1468624200,73.8752,72.0007
1468624800,73.1931,72.0007
1468625400,72.7513,72.0007
1468626000,72.816,72.0007
1468626600,72.6953,72.0007
1468627200,72.5768,72.0007
1468627800,72.2502,72.0007
1468628400,72.3689,72.0007
1468629000,72.8654,72.0007
1468629600,73.1679,72.0007
1468630200,73.4013,72.0007
1468630800,73.5,72.0007
1468631400,73.5005,72.0007
1468632000,73.1758,72.0007
1468632600,72.0217,72.0007
1468872600,73.3352,72.0007
1468873200,74.0013,72.0007
1468889400,73.7498,72.0007
1468890000,75.5717,72.0007
1468890600,76.9467,72.0007
1468891200,77.7272,72.0007
1468891800,77.8738,72.0007
1468892400,77.6868,72.0007
1468893000,77.0823,72.0007
1468893600,75.9633,72.0007
1468894200,74.9955,72.0007
1468894800,73.2532,72.0007
1468951200,73.8012,72.0007
1468951800,75.3127,72.0007
1468952400,76.011,72.0007
1468953000,76.8107,72.0007
1468953600,77.4655,72.0007
1468954200,78.0785,72.0007
1468954800,78.3,72.0007
1468955400,78.1775,72.0007
1468956000,77.6082,72.0007
1468956600,76.9892,72.0007
1468957200,76.3352,72.0007
1468957800,75.2467,72.0007
1468958400,74.8865,72.0007
1468959000,74.6985,72.0007
1468959600,74.301,72.0007
1468960200,73.415,72.0007
1468960800,72.4567,72.0007
1469132400,73.469,72.0007
1469133000,72.5282,72.0007
1469213400,72.289,72.0007
1469214000,74.1043,72.0007
1469214600,74.827,72.0007
1469215200,75.1165,72.0007
1469215800,73.7615,72.0007
1469216400,73.0775,72.0007
1469217000,72.1952,72.0007
1469562600,72.5392,72.0007
1469563200,72.5262,72.0007
1469563800,73.3465,72.0007
1469564400,73.737,72.0007
1469565000,73.7827,72.0007
1469565600,72.7798,72.0007
1469571600,72.7077,72.0007
1469572200,73.9777,72.0007
1469572800,74.0205,72.0007
1469573400,74.4345,72.0007
1469574000,74.7865,72.0007
1469574600,75.2282,72.0007
1469575200,75.4067,72.0007
1469575800,75.4463,72.0007
1469576400,75.5037,72.0007
1469577000,75.8393,72.0007
1469577600,75.999,72.0007
1469578200,75.9798,72.0007
1469578800,75.705,72.0007
1469579400,75.4897,72.0007
1469580000,75.1205,72.0007
1469580600,74.8737,72.0007
1469581200,74.7,72.0007
1469581800,74.7,72.0007
1469582400,74.8103,72.0007
1469583000,75.2625,72.0007
1469583600,75.4853,72.0007
1469584200,75.3005,72.0007
1469584800,75.0252,72.0007
1469585400,74.9787,72.0007
1469586000,75.0578,72.0007
1469586600,75.0817,72.0007
1469587200,74.859,72.0007
1469587800,74.5237,72.0007
1469588400,74.1233,72.0007
1469589000,73.6728,72.0007
1469589600,73.2465,72.0007
1469590200,73.0027,72.0007
1469590800,72.9225,72.0007
1469591400,72.7973,72.0007
1469592000,72.6002,72.0007
1469592600,72.2453,72.0007
1467831600,73.7253,72.0007
1467832200,75.359,72.0007
1467832800,75.9567,72.0007
1467833400,76.2213,72.0007
1467834000,76.6512,72.0007
1467834600,77.3648,72.0007
1467835200,78.2792,72.0007
1467835800,79.1287,72.0007
1467836400,79.583,72.0007
1467837000,79.4102,72.0007
1467848400,72.2225,72.016034009
1467849000,73.995,72.0007
1467849600,72.3277,72.0007
1468012200,72.2638,72.0007
1468012800,73.9377,72.0007
1468013400,75.1775,72.001548883
1468014000,76.354,72.0070919202
1468014600,77.0533,72.0141644007
1468015200,77.5502,72.0007
1468015800,77.2485,72.0007
1468016400,77.0,72.0044034913
1468017000,77.1543,72.0070748134
1468017600,77.5763,72.0144796659
1468018200,77.779,72.0171393004
1468018800,76.5995,72.0007
1468019400,74.1195,72.0007
1468020000,72.4913,72.0007
1468169400,73.1883,72.0049928824
1468170000,75.6308,72.0007
1468170600,76.7752,72.0007
1468171200,77.0502,72.0007
1468171800,78.8085,72.0077723113
1468172400,79.7062,72.0041317906
1468173000,79.6982,72.0169376687
1468173600,79.7,72.0007
1468174200,79.57,72.0007
1468174800,79.2633,72.0007
1468175400,79.1213,72.0007
1468176000,78.6183,72.0007
1468176600,78.1968,72.0007
1468177200,78.0292,72.0007
1468177800,77.6103,72.0007
1468178400,75.3418,72.0007
1468179000,75.4542,72.0030941753
1468179600,74.623,72.0007
