DATETIME,IND1679,IND1680,IND1681,IND1682,IND1683,IND323,IND5088,IND5105,IND5113,IND5115,IND5117,IND5125,SYM157
1489104000,4.014001,30.471660000000004,34.9,34.9,34.99416,,,,,,,,
1489104060,4.002667000000001,30.482830000000003,34.9,34.9,34.984159999999996,,,,,,,,
1489104120,4.022667000000001,30.481170000000006,34.9,34.9,34.974160000000005,,,,,,,,
1489104180,4.029334000000001,30.443670000000004,34.9,34.9,34.96416000000001,,,,,,,,
1489104240,4.000500000000001,30.40734,34.9,34.9,34.95416,,,,,,,,
1489104300,3.976166000000001,30.398340000000005,34.9,34.9,34.944160000000004,,,,,,,,
1489104360,3.9351660000000006,30.39901,34.9,34.9,34.93416,,,,,,,,
1489104420,3.9219989999999996,30.431840000000008,34.9,34.9,34.92416,,,,,,,,
1489104480,3.8978319999999997,30.441510000000008,34.9,34.9,34.91416,,,,,,,,
1489104540,3.8696659999999996,30.460510000000006,34.9,34.9,34.90483,,,,,,,,
1489104600,3.8373330000000005,30.477010000000003,34.9,34.9,34.9,,,,,,,,
1489104660,3.8261670000000003,30.50917,34.9,34.9,34.9,,,,,,,,
1489104720,3.8431670000000007,30.532000000000007,34.9,34.9,34.9,,,,,,,,
1489104780,3.850333,30.524330000000006,34.9,34.9,34.9,,,,,,,,
1489104840,3.851667,30.505330000000004,34.9,34.9,34.9,,,,,,,,
1489104900,3.8478339999999998,30.482,34.9,34.9,34.9,,,,,,,,
1489104960,3.857001,30.4635,34.9,34.9,34.9,,,,,,,,
1489105020,3.8345010000000004,30.445999999999998,34.9,34.9,34.9,,,,,,,,
1489105080,3.830168,30.4595,34.9,34.9,34.9,,,,,,,,
1489105140,4.102168,30.49767,34.9,34.9,34.9,,,,,,,,
1489105200,4.258834,30.519830000000002,34.95,34.904999999999994,34.9,,,,,,,,
1489105260,4.230167000000001,30.54350000000001,34.985,34.9135,34.9,,,,,,,,
1489105320,4.1895,30.57950000000001,34.9,34.9135,34.9,,,,,,,,
1489105380,4.154334,30.642840000000007,34.9,34.9135,34.9,,,,,,,,
1489105440,4.134167000000001,30.722000000000005,34.9,34.9135,34.9,,,,,,,,
1489105500,4.110334,30.813000000000002,34.9,34.9135,34.9,,,,,,,,
1489105560,4.091334000000001,30.908829999999995,34.9,34.9135,34.9,,,,,,,,
1489105620,4.085168,30.99867,34.9,34.9135,34.9,,,,,,,,
1489105680,4.094335,31.073499999999996,34.9,34.9135,34.9,,,,,,,,
1489105740,3.847835000000001,31.086999999999996,34.9,34.9135,34.9,,,,,,,,
1489105800,3.729669,31.08934,34.9,34.9085,34.904999999999994,,,,,,,,
1489105860,3.770669000000001,31.06217,34.9,34.9,34.9135,,,,,,,,
1489105920,3.8078360000000004,31.007669999999997,34.9,34.9,34.9135,,,,,,,,
1489105980,3.8416690000000004,30.92483,34.9,34.9,34.9135,,,,,,,,
1489106040,3.881169,30.8335,34.9,34.9,34.9135,,,,,,,,
1489106100,3.926002,30.721829999999997,34.9,34.9,34.9135,,,,,,,,
1489106160,3.9661679999999992,30.601330000000004,34.9,34.9,34.9135,,,,,,,,
1489106220,4.000001,30.474490000000003,34.9,34.9,34.9135,,,,,,,,
1489106280,4.013667,30.35632,34.9,34.9,34.9135,,,,,,,,
1489106340,4.013833,30.273490000000006,34.9,34.9,34.9135,,,,,,,,
1489106400,4.009499000000001,30.212649999999996,34.9,34.9,34.9085,,,,,,,,
1489106460,4.020499,30.156490000000005,34.9,34.9,34.9,,,,,,,,
1489106520,4.021832000000001,30.097660000000005,34.9,34.9,34.9,,,,,,,,
1489106580,4.0303320000000005,30.057000000000002,34.9,34.9,34.9,,,,,,,,
1489106640,4.039832,30.00267000000001,34.9,34.9,34.9,,,,,,,,
1489106700,4.046999,29.92901,34.9,34.9,34.9,,,,,,,,
1489106760,4.053666,29.856010000000005,34.9,34.9,34.9,,,,,,,,
1489106820,4.053666,29.79018,34.9,34.9,34.9,,,,,,,,
1489106880,4.053333,29.722679999999997,34.8683,34.896829999999994,34.9,,,,,,,,
1489106940,4.051833,29.65401,34.8667,34.893499999999996,34.9,,,,,,,,
1489107000,4.0455,29.589510000000004,34.8033,34.883829999999996,34.9,,,,,,,,
1489107060,4.030667,29.534010000000002,34.8,34.87383,34.9,,,,,,,,
1489107120,4.009834000000001,29.50034,34.8,34.86383,34.9,,,,,,,,
1489107180,3.997667,29.464170000000003,34.8,34.853829999999995,34.9,,,,,,,,
1489107240,3.9716669999999996,29.4515,34.8,34.84383,34.9,,,,,,,,
1489107300,3.9548330000000007,29.495000000000005,34.8,34.83383,34.9,,,,,,,,
1489107360,3.935000000000001,29.534170000000003,34.8,34.82383,34.9,,,,,,,,
1489107420,3.9260000000000006,29.581500000000002,34.8,34.813829999999996,34.9,,,,,,,,
1489107480,3.9115,29.644669999999998,34.8,34.807,34.896829999999994,,,,,,,,
1489107540,3.8983340000000006,29.70317,34.8,34.80033,34.893499999999996,,,,,,,,
1489107600,3.885501,29.76517000000001,34.8,34.800000000000004,34.883829999999996,,,,,,,,
1489107660,3.8740010000000007,29.849000000000004,34.8,34.800000000000004,34.87383,,,,,,,,
1489107720,3.8711670000000007,29.943830000000005,34.8,34.800000000000004,34.86383,,,,,,,,
1489107780,3.8561669999999992,30.057000000000002,34.8,34.800000000000004,34.853829999999995,,,,,,,,
1489107840,3.8429999999999995,30.160000000000004,34.8,34.800000000000004,34.84383,,,,,,,,
1489107900,3.812,30.243160000000007,34.8,34.800000000000004,34.83383,,,,,,,,
1489107960,3.7983329999999995,30.34232,34.8,34.800000000000004,34.82383,,,,,,,,
1489108020,3.7669999999999995,30.44366000000001,34.8,34.800000000000004,34.813829999999996,,,,,,,,
1489108080,3.7405000000000004,30.545330000000003,34.8,34.800000000000004,34.807,,,,,,,,
1489108140,3.7235,30.650330000000004,34.8,34.800000000000004,34.80033,,,,,,,,
1489108200,3.7233330000000002,30.73517,34.8,34.800000000000004,34.800000000000004,,,,,,,,
1489108260,3.7103330000000003,30.79484,34.8,34.800000000000004,34.800000000000004,,,,,,,,
1489108320,3.694167,30.825510000000005,34.8,34.800000000000004,34.800000000000004,,,,,,,,
1489108380,3.700501,30.84584,34.8,34.800000000000004,34.800000000000004,,,,,,,,
1489108440,3.695001,30.868510000000004,34.8,34.800000000000004,34.800000000000004,,,,,,,,
1489108500,3.7265010000000007,30.87018,34.8,34.800000000000004,34.800000000000004,,,,,,,,
1489108560,3.724668,30.85235,34.8,34.800000000000004,34.800000000000004,,,,,,,,
1489108620,3.755001,30.82501,34.8,34.800000000000004,34.800000000000004,,,,,,,,
1489108680,3.803668,30.77317,34.8,34.800000000000004,34.800000000000004,,,,,,,,
1489108740,3.8220009999999998,30.693670000000004,34.8,34.800000000000004,34.800000000000004,,,,,,,,
1489108800,3.7980009999999993,30.6385,34.8,34.800000000000004,34.800000000000004,,,,,,,,
1489108860,3.8028339999999994,30.60866,34.79,34.79900000000001,34.800000000000004,,,,,,,,
1489108920,3.8143339999999997,30.590490000000003,34.7933,34.79833000000001,34.800000000000004,,,,,,,,
1489108980,3.8103339999999997,30.575490000000002,34.7783,34.79616000000001,34.800000000000004,,,,,,,,
1489109040,3.8121679999999993,30.55215,34.8,34.79616000000001,34.800000000000004,,,,,,,,
1489109100,3.8071679999999994,30.51848,34.8,34.79616000000001,34.800000000000004,,,,,,,,
1489109160,3.821667999999999,30.508149999999997,34.8,34.79616000000001,34.800000000000004,,,,,,,,
1489109220,3.8105009999999995,30.55615,34.74,34.79016000000001,34.800000000000004,,,,,,,,
1489109280,3.759501,30.67315,34.7917,34.78933000000001,34.800000000000004,,,,,,,,
1489109340,3.763001,30.79982,34.7317,34.782500000000006,34.800000000000004,,,,,,,,
1489109400,3.8038340000000006,30.868990000000004,34.7767,34.780170000000005,34.800000000000004,,,,,,,,
1489109460,3.818834,30.896330000000003,34.7,34.771170000000005,34.79900000000001,,,,,,,,
1489109520,3.845334,30.89967,34.7,34.76184,34.79833000000001,,,,,,,,
1489109580,3.8666669999999996,30.8845,34.7,34.75401000000001,34.79616000000001,,,,,,,,
1489109640,3.9028329999999998,30.8645,34.7,34.74401,34.79616000000001,,,,,,,,
1489109700,3.9236670000000005,30.849499999999995,34.7,34.734010000000005,34.79616000000001,,,,,,,,
1489109760,3.9455,30.814500000000006,34.7,34.72401,34.79616000000001,,,,,,,,
1489109820,3.9683340000000005,30.709,34.7,34.720009999999995,34.79016000000001,,,,,,,,
1489109880,3.9921670000000002,30.563999999999993,34.7,34.71084,34.78933000000001,,,,,,,,
1489109940,3.9688339999999998,30.476829999999996,34.7,34.70767,34.782500000000006,,,,,,,,
1489110000,3.9351680000000004,30.473159999999996,34.7,34.699999999999996,34.780170000000005,,,,,,,,
1489110060,3.914168,30.50399,34.7,34.699999999999996,34.771170000000005,,,,,,,,
1489110120,3.883001,30.555650000000004,34.7,34.699999999999996,34.76184,,,,,,,,
1489110180,3.855001,30.61215,34.7,34.699999999999996,34.75401000000001,,,,,,,,
1489110240,3.8448350000000007,30.664149999999996,34.7,34.699999999999996,34.74401,,,,,,,,
1489110300,3.8165010000000006,30.718319999999995,34.7,34.699999999999996,34.734010000000005,,,,,,,,
1489110360,3.7805010000000006,30.775149999999996,34.69,34.699,34.72401,,,,,,,,
1489110420,3.7763340000000003,30.844989999999996,34.665,34.695499999999996,34.720009999999995,,,,,,,,
1489110480,3.8001670000000005,30.88366,34.7,34.695499999999996,34.71084,,,,,,,,
1489110540,3.8420000000000005,30.895830000000004,34.7,34.695499999999996,34.70767,,,,,,,,
1489110600,3.882833,30.88116,34.665,34.692,34.699999999999996,,,,,,,,
1489110660,3.912666,30.872160000000004,34.6,34.681999999999995,34.699999999999996,,,,,,,,
1489110720,3.933833,30.869500000000002,34.6067,34.67267,34.699999999999996,,,,,,,,
1489110780,3.9595000000000007,30.88467,34.6,34.66267,34.699999999999996,,,,,,,,
1489110840,3.973833,30.905839999999998,34.6,34.65266999999999,34.699999999999996,,,,,,,,
1489110900,3.990667,30.94801,34.6,34.64267,34.699999999999996,,,,,,,,
1489110960,4.0215000000000005,30.993009999999998,34.6,34.633669999999995,34.699,,,,,,,,
1489111020,4.018,31.029340000000005,34.6,34.62717,34.695499999999996,,,,,,,,
1489111080,4.005167,31.076510000000003,34.6,34.61717,34.695499999999996,,,,,,,,
1489111140,4.0015,31.09934,34.6,34.60717,34.695499999999996,,,,,,,,
1489111200,3.9886670000000004,31.116340000000005,34.6,34.60067,34.692,,,,,,,,
1489111260,3.978834,31.11117,34.6,34.60067,34.681999999999995,,,,,,,,
1489111320,3.965667,31.097000000000005,34.6,34.60000000000001,34.67267,,,,,,,,
1489111380,3.9498330000000004,31.072500000000005,34.6,34.60000000000001,34.66267,,,,,,,,
1489111440,3.9261660000000003,31.04367,34.6,34.60000000000001,34.65266999999999,,,,,,,,
1489111500,3.9219990000000005,31.002170000000003,34.6,34.60000000000001,34.64267,,,,,,,,
1489111560,3.919499,30.956000000000003,34.6,34.60000000000001,34.633669999999995,,,,,,,,
1489111620,3.9258319999999998,30.92183,34.6,34.60000000000001,34.62717,,,,,,,,
1489111680,3.9238320000000004,30.893829999999998,34.6,34.60000000000001,34.61717,,,,,,,,
1489111740,3.9241660000000005,30.866660000000003,34.6,34.60000000000001,34.60717,,,,,,,,
1489111800,3.9141660000000003,30.841660000000005,34.6,34.60000000000001,34.60067,,,,,,,,
1489111860,3.909666,30.81716,34.6,34.60000000000001,34.60067,,,,,,,,
1489111920,3.9163330000000003,30.79183,34.6,34.60000000000001,34.60000000000001,,,,,,,,
1489111980,3.913500000000001,30.75666,34.6,34.60000000000001,34.60000000000001,,,,,,,,
1489112040,3.915334,30.72332,34.6,34.60000000000001,34.60000000000001,,,,,,,,
1489112100,3.9236670000000005,30.675320000000006,34.595,34.5995,34.60000000000001,,,,,,,,
1489112160,3.916834,30.615320000000004,34.6,34.5995,34.60000000000001,,,,,,,,
1489112220,3.9106680000000007,30.54782,34.5983,34.59933,34.60000000000001,,,,,,,,
1489112280,3.9070010000000006,30.494320000000002,34.5967,34.599000000000004,34.60000000000001,,,,,,,,
1489112340,3.9023340000000006,30.440660000000005,34.6,34.599000000000004,34.60000000000001,,,,,,,,
1489112400,3.907834,30.386000000000003,34.6,34.599000000000004,34.60000000000001,,,,,,,,
1489112460,3.9236670000000005,30.33967,34.6,34.599000000000004,34.60000000000001,,,,,,,,
1489112520,3.946,30.28183,34.6,34.599000000000004,34.60000000000001,,,,,,,,
1489112580,3.970167,30.21617,34.6,34.599000000000004,34.60000000000001,,,,,,,,
1489112640,3.9825,30.15634,34.6,34.599000000000004,34.60000000000001,,,,,,,,
1489112700,3.978,30.113170000000004,34.6,34.5995,34.5995,,,,,,,,
1489112760,3.9893330000000002,30.089170000000003,34.6,34.5995,34.5995,,,,,,,,
1489112820,3.9919990000000007,30.073840000000004,34.6,34.59967,34.59933,,,,,,,,
1489112880,4.0019990000000005,30.04867,34.6,34.60000000000001,34.599000000000004,,,,,,,,
1489112940,4.007166000000001,30.025669999999998,34.6,34.60000000000001,34.599000000000004,,,,,,,,
1489113000,4.012166000000001,29.996830000000003,34.6,34.60000000000001,34.599000000000004,,,,,,,,
1489113060,3.9951660000000007,29.967830000000006,34.6,34.60000000000001,34.599000000000004,,,,,,,,
1489113120,3.9218329999999995,29.976170000000003,34.6,34.60000000000001,34.599000000000004,,,,,,,,
1489113180,3.845333,30.079000000000004,34.6,34.60000000000001,34.599000000000004,,,,,,,,
1489113240,3.8034999999999997,30.24067,34.6,34.60000000000001,34.599000000000004,,,,,,,,
1489113300,3.818667,30.417999999999996,34.6,34.60000000000001,34.5995,,,,,,,,
1489113360,3.821667,30.57884,34.6,34.60000000000001,34.5995,,,,,,,,
1489113420,3.828834,30.733669999999996,34.6,34.60000000000001,34.59967,,,,,,,,
1489113480,3.824501,30.888170000000002,34.6067,34.60067,34.60000000000001,,,,,,,,
1489113540,3.819334,31.040999999999997,34.6,34.60067,34.60000000000001,,,,,,,,
1489113600,3.831167,31.185500000000005,34.6633,34.607,34.60000000000001,,,,,,,,
1489113660,3.857334,31.316,34.6583,34.612829999999995,34.60000000000001,,,,,,,,
1489113720,3.9306669999999997,31.422330000000002,34.6317,34.616,34.60000000000001,,,,,,,,
1489113780,4.013000000000001,31.449,34.6367,34.61967,34.60000000000001,,,,,,,,
1489113840,4.066833000000001,31.401660000000007,34.6,34.61967,34.60000000000001,,,,,,,,
1489113900,4.066833000000001,31.311000000000003,34.6267,34.62234,34.60000000000001,,,,,,,,
1489113960,4.07,31.227159999999998,34.7,34.63234,34.60000000000001,,,,,,,,
1489114020,4.074000000000001,31.140330000000002,34.7,34.64234,34.60000000000001,,,,,,,,
1489114080,4.091500000000001,31.029999999999998,34.7,34.651669999999996,34.60067,,,,,,,,
1489114140,4.099500000000001,30.89733,34.7,34.661669999999994,34.60067,,,,,,,,
1489114200,4.1000000000000005,30.784,35.1017,34.70551,34.607,,,,,,,,
1489114260,4.1000000000000005,30.65567,34.7,34.70967999999999,34.612829999999995,,,,,,,,
1489114320,4.1000000000000005,30.503839999999997,34.7,34.71650999999999,34.616,,,,,,,,
1489114380,4.1000000000000005,30.32967,34.7,34.72284,34.61967,,,,,,,,
1489114440,4.1000000000000005,30.165340000000004,34.7,34.732839999999996,34.61967,,,,,,,,
1489114500,4.1000000000000005,30.02317,34.7,34.74017,34.62234,,,,,,,,
1489114560,4.1000000000000005,29.896670000000007,34.7,34.74017,34.63234,,,,,,,,
1489114620,4.1000000000000005,29.767340000000004,34.7,34.74017,34.64234,,,,,,,,
1489114680,4.1000000000000005,29.645169999999997,34.7,34.74017,34.651669999999996,,,,,,,,
1489114740,4.1000000000000005,29.54901,34.64,34.73417,34.661669999999994,,,,,,,,
1489114800,4.1000000000000005,29.444180000000003,34.695,34.69349999999999,34.70551,,,,,,,,
1489114860,4.1000000000000005,29.36784,34.7,34.69349999999999,34.70967999999999,,,,,,,,
1489114920,4.1000000000000005,29.32584,34.7,34.69349999999999,34.71650999999999,,,,,,,,
1489114980,4.095167000000001,29.320169999999997,34.7,34.69349999999999,34.72284,,,,,,,,
1489115040,4.091334000000001,29.310999999999996,34.7,34.69349999999999,34.732839999999996,,,,,,,,
1489115100,4.083001000000001,29.306169999999998,34.7,34.69349999999999,34.74017,,,,,,,,
1489115160,4.0816680000000005,29.295010000000005,34.7,34.69349999999999,34.74017,,,,,,,,
1489115220,4.062168000000001,29.29701,34.7,34.69349999999999,34.74017,,,,,,,,
1489115280,4.052168000000001,29.32734,34.7,34.69349999999999,34.74017,,,,,,,,
1489115340,4.052168000000001,29.367500000000003,34.7,34.69949999999999,34.73417,,,,,,,,
1489115400,4.052168000000001,29.39416,34.7983,34.70983,34.69349999999999,,,,,,,,
1489115460,4.052168000000001,29.417159999999996,34.8,34.719829999999995,34.69349999999999,,,,,,,,
1489115520,4.052168000000001,29.451319999999996,34.8,34.72983,34.69349999999999,,,,,,,,
1489115580,4.0570010000000005,29.475490000000004,34.8,34.739830000000005,34.69349999999999,,,,,,,,
1489115640,4.060834000000001,29.502830000000007,34.8,34.74983,34.69349999999999,,,,,,,,
1489115700,4.059,29.532490000000003,34.8,34.75983000000001,34.69349999999999,,,,,,,,
1489115760,4.058666000000001,29.559490000000007,34.8,34.769830000000006,34.69349999999999,,,,,,,,
1489115820,4.075166000000001,29.587650000000004,34.8,34.779830000000004,34.69349999999999,,,,,,,,
1489115880,4.085166000000001,29.602990000000005,34.8,34.78983000000001,34.69349999999999,,,,,,,,
1489115940,4.084666000000001,29.602160000000005,34.8,34.79983000000001,34.69949999999999,,,,,,,,
1489116000,4.080666000000001,29.610830000000007,34.9133,34.811330000000005,34.70983,,,,,,,,
1489116060,4.080333,29.614670000000004,34.9,34.82133,34.719829999999995,,,,,,,,
1489116120,4.080333,29.596340000000005,34.9,34.83133,34.72983,,,,,,,,
1489116180,4.069666000000001,29.577840000000005,34.9,34.84133,34.739830000000005,,,,,,,,
1489116240,4.069666000000001,29.556340000000002,34.9,34.85133,34.74983,,,,,,,,
1489116300,4.062,29.52351,34.9,34.86133,34.75983000000001,,,,,,,,
1489116360,4.048834,29.492340000000002,34.9,34.87132999999999,34.769830000000006,,,,,,,,
1489116420,4.051834,29.44951,34.9,34.88133,34.779830000000004,,,,,,,,
1489116480,4.051834,29.404170000000008,34.915,34.892830000000004,34.78983000000001,,,,,,,,
1489116540,4.052334000000001,29.38234,35.0,34.91283000000001,34.79983000000001,,,,,,,,
1489116600,4.0563340000000006,29.384010000000004,35.0,34.9215,34.811330000000005,,,,,,,,
1489116660,4.056667000000001,29.43034,35.0,34.9315,34.82133,,,,,,,,
1489116720,4.056667000000001,29.48017,35.0,34.9415,34.83133,,,,,,,,
1489116780,4.067334000000002,29.535500000000003,35.0,34.9515,34.84133,,,,,,,,
1489116840,4.067334000000002,29.618660000000002,35.0,34.9615,34.85133,,,,,,,,
1489116900,4.085167000000001,29.73983,35.0,34.971500000000006,34.86133,,,,,,,,
1489116960,4.097167000000001,29.861330000000006,35.0,34.981500000000004,34.87132999999999,,,,,,,,
1489117020,4.0868340000000005,30.02883,35.0,34.991499999999995,34.88133,,,,,,,,
1489117080,4.055667000000001,30.244500000000002,35.0,35.0,34.892830000000004,,,,,,,,
1489117140,4.030334000000001,30.462160000000008,35.0,35.0,34.91283000000001,,,,,,,,
1489117200,3.998001000000001,30.644990000000007,35.0,35.0,34.9215,,,,,,,,
1489117260,3.973334000000001,30.788320000000006,35.025,35.0025,34.9315,,,,,,,,
1489117320,3.944834,30.952320000000004,35.1,35.0125,34.9415,,,,,,,,
1489117380,3.914834,31.12716,35.0883,35.02133,34.9515,,,,,,,,
1489117440,3.884834,31.26783,35.1,35.031330000000004,34.9615,,,,,,,,
1489117500,3.858667,31.39049,35.1,35.04133000000001,34.971500000000006,,,,,,,,
1489117560,3.840833,31.473660000000002,35.1,35.05133000000001,34.981500000000004,,,,,,,,
1489117620,3.844833,31.44466,35.1,35.061330000000005,34.991499999999995,,,,,,,,
1489117680,3.8745,31.31316,35.1,35.07133000000001,35.0,,,,,,,,
1489117740,3.8998330000000005,31.126,35.1,35.08133,35.0,,,,,,,,
1489117800,3.929499,30.939,35.1,35.091330000000006,35.0,,,,,,,,
1489117860,3.946666,30.751670000000004,35.1,35.09883000000001,35.0025,,,,,,,,
1489117920,3.9683330000000008,30.524340000000002,35.1,35.09883000000001,35.0125,,,,,,,,
1489117980,3.979,30.262670000000004,35.1,35.10000000000001,35.02133,,,,,,,,
1489118040,3.9956670000000005,30.001170000000002,35.1,35.10000000000001,35.031330000000004,,,,,,,,
1489118100,4.001334,29.721510000000002,35.1,35.10000000000001,35.04133000000001,,,,,,,,
1489118160,3.983334,29.473340000000004,35.1,35.10000000000001,35.05133000000001,,,,,,,,
1489118220,3.9525,29.288170000000004,35.1,35.10000000000001,35.061330000000005,,,,,,,,
1489118280,3.919333,29.143670000000004,35.1,35.10000000000001,35.07133000000001,,,,,,,,
1489118340,3.883666,29.024500000000003,35.1,35.10000000000001,35.08133,,,,,,,,
1489118400,3.855166,28.914830000000002,35.1,35.10000000000001,35.091330000000006,,,,,,,,
1489118460,3.840166,28.806830000000005,35.1,35.10000000000001,35.09883000000001,,,,,,,,
1489118520,3.808999,28.69933,35.1,35.10000000000001,35.09883000000001,,,,,,,,
1489118580,3.790999000000001,28.58916,35.0817,35.09817,35.10000000000001,,,,,,,,
1489118640,3.7599990000000005,28.50766,35.09,35.097170000000006,35.10000000000001,,,,,,,,
1489118700,3.7319990000000005,28.433819999999997,35.0,35.08717000000001,35.10000000000001,,,,,,,,
1489118760,3.720666,28.37065,35.0,35.07717,35.10000000000001,,,,,,,,
1489118820,3.718166,28.34115,35.0,35.067170000000004,35.10000000000001,,,,,,,,
1489118880,3.728166,28.36248,35.0,35.057170000000006,35.10000000000001,,,,,,,,
1489118940,3.724166,28.402980000000003,35.0,35.04717000000001,35.10000000000001,,,,,,,,
1489119000,3.7085000000000004,28.459820000000004,35.0,35.03717,35.10000000000001,,,,,,,,
1489119060,3.6910000000000007,28.52699,35.0,35.027170000000005,35.10000000000001,,,,,,,,
1489119120,3.722667000000001,28.60566,35.0,35.01717,35.10000000000001,,,,,,,,
1489119180,3.7461670000000007,28.70866,35.0,35.00900000000001,35.09817,,,,,,,,
1489119240,3.776833,28.786659999999998,35.0,35.0,35.097170000000006,,,,,,,,
1489119300,3.823,28.863500000000002,35.0,35.0,35.08717000000001,,,,,,,,
1489119360,3.848167,28.939,35.0,35.0,35.07717,,,,,,,,
1489119420,3.850334,28.9855,35.0,35.0,35.067170000000004,,,,,,,,
1489119480,3.854501,28.99434,35.0,35.0,35.057170000000006,,,,,,,,
1489119540,3.855835,28.98484,35.0,35.0,35.04717000000001,,,,,,,,
1489119600,3.8446680000000004,28.976,35.0,35.0,35.03717,,,,,,,,
1489119660,3.852168,28.977330000000002,35.0,35.0,35.027170000000005,,,,,,,,
1489119720,3.8398339999999997,28.98299,35.0,35.0,35.01717,,,,,,,,
1489119780,3.7698339999999995,28.97833,35.0,35.0,35.00900000000001,,,,,,,,
1489119840,3.7400010000000004,29.015160000000005,35.0,35.0,35.0,,,,,,,,
1489119900,3.851334,29.04099,35.0,35.0,35.0,,,,,,,,
1489119960,4.806837000000001,29.044830000000005,35.0,35.0,35.0,,,,,,,,
1489120020,7.492007000000001,29.032,35.035,35.003499999999995,35.0,,,,,,,,
1489120080,11.000677,29.010830000000006,35.1,35.0135,35.0,,,,,,,,
1489120140,14.549009999999999,28.97783,35.1,35.023500000000006,35.0,,,,,,,,
1489120200,18.11701,28.938000000000002,35.1,35.033500000000004,35.0,,,,,,,,
1489120260,21.65951,28.877,35.1,35.04350000000001,35.0,,,,,,,,
1489120320,25.188176999999996,28.823000000000004,35.1,35.05350000000001,35.0,,,,,,,,
1489120380,28.78201,28.775660000000006,35.1,35.063500000000005,35.0,,,,,,,,
1489120440,32.33551,28.681330000000003,35.1,35.0735,35.0,,,,,,,,
1489120500,35.73651,28.58883,35.1,35.08350000000001,35.0,,,,,,,,
1489120560,38.315839999999994,28.50833,35.1,35.0935,35.0,,,,,,,,
1489120620,39.178169999999994,28.44616,35.1,35.10000000000001,35.003499999999995,,,,,,,,
1489120680,39.199999999999996,28.39049,35.1,35.10000000000001,35.0135,,,,,,,,
1489120740,39.199999999999996,28.37116,35.1,35.10000000000001,35.023500000000006,,,,,,,,
1489120800,39.199999999999996,28.342160000000003,35.1,35.10000000000001,35.033500000000004,,,,,,,,
1489120860,39.199999999999996,28.30483,35.1,35.10000000000001,35.04350000000001,,,,,,,,
1489120920,39.199999999999996,28.253,35.1,35.10000000000001,35.05350000000001,,,,,,,,
1489120980,39.199999999999996,28.191500000000005,35.1,35.10000000000001,35.063500000000005,,,,,,,,
1489121040,39.199999999999996,28.144670000000005,35.1,35.10000000000001,35.0735,,,,,,,,
1489121100,39.199999999999996,28.109840000000005,35.1,35.10000000000001,35.08350000000001,,,,,,,,
1489121160,39.199999999999996,28.07,35.1,35.10000000000001,35.0935,,,,,,,,
1489121220,39.199999999999996,28.030500000000004,35.1,35.10000000000001,35.10000000000001,,,,,,,,
1489121280,39.199999999999996,27.98467,35.1,35.10000000000001,35.10000000000001,,,,,,,,
1489121340,39.199999999999996,27.940169999999995,35.1,35.10000000000001,35.10000000000001,,,,,,,,
1489121400,39.199999999999996,27.89367,35.1,35.10000000000001,35.10000000000001,,,,,,,,
1489121460,39.199999999999996,27.8525,35.125,35.102500000000006,35.10000000000001,,,,,,,,
1489121520,39.199999999999996,27.822670000000002,35.1367,35.106170000000006,35.10000000000001,,,,,,,,
1489121580,39.199999999999996,27.78934,35.1433,35.1105,35.10000000000001,,,,,,,,
1489121640,39.199999999999996,27.748170000000002,35.2,35.1205,35.10000000000001,,,,,,,,
1489121700,39.199999999999996,27.706500000000002,35.2,35.1305,35.10000000000001,,,,,,,,
1489121760,39.199999999999996,27.67434,35.2,35.140499999999996,35.10000000000001,,,,,,,,
1489121820,39.199999999999996,27.63984,35.2,35.1505,35.10000000000001,,,,,,,,
1489121880,39.199999999999996,27.613510000000005,35.2,35.1605,35.10000000000001,,,,,,,,
1489121940,39.199999999999996,27.576510000000003,35.2,35.1705,35.10000000000001,,,,,,,,
1489122000,39.199999999999996,27.549179999999996,35.2,35.180499999999995,35.10000000000001,,,,,,,,
1489122060,39.199999999999996,27.523180000000004,35.2,35.187999999999995,35.102500000000006,,,,,,,,
1489122120,39.199999999999996,27.49884,35.2,35.19433,35.106170000000006,,,,,,,,
1489122180,39.199999999999996,27.479010000000002,35.2,35.199999999999996,35.1105,,,,,,,,
1489122240,39.199999999999996,27.46401,35.2,35.199999999999996,35.1205,,,,,,,,
1489122300,39.199999999999996,27.439010000000003,35.2,35.199999999999996,35.1305,,,,,,,,
1489122360,39.199999999999996,27.427170000000004,35.2,35.199999999999996,35.140499999999996,,,,,,,,
1489122420,39.199999999999996,27.43517,35.2,35.199999999999996,35.1505,,,,,,,,
1489122480,39.199999999999996,27.456000000000003,35.2,35.199999999999996,35.1605,,,,,,,,
1489122540,39.199999999999996,27.468829999999997,35.2,35.199999999999996,35.1705,,,,,,,,
1489122600,39.199999999999996,27.478659999999998,35.2,35.199999999999996,35.180499999999995,,,,,,,,
1489122660,39.199999999999996,27.50116,35.2967,35.209669999999996,35.187999999999995,,,,,,,,
1489122720,39.199999999999996,27.5175,35.3,35.21967,35.19433,,,,,,,,
1489122780,39.199999999999996,27.55266,35.3,35.22967,35.199999999999996,,,,,,,,
1489122840,39.199999999999996,27.57999,35.3,35.239670000000004,35.199999999999996,,,,,,,,
1489122900,39.199999999999996,27.60566,35.3,35.24967,35.199999999999996,,,,,,,,
1489122960,39.199999999999996,27.62083,35.3,35.25967000000001,35.199999999999996,,,,,,,,
1489123020,39.199999999999996,27.61667,35.3,35.26967000000001,35.199999999999996,,,,,,,,
1489123080,39.199999999999996,27.61017,35.3,35.27967,35.199999999999996,,,,,,,,
1489123140,39.199999999999996,27.60184,35.3,35.28967000000001,35.199999999999996,,,,,,,,
1489123200,39.199999999999996,27.59751,35.3,35.299670000000006,35.199999999999996,,,,,,,,
1489123260,39.199999999999996,27.56968,35.3,35.300000000000004,35.209669999999996,,,,,,,,
1489123320,39.199999999999996,27.54251,35.3,35.300000000000004,35.21967,,,,,,,,
1489123380,39.199999999999996,27.49185,35.3,35.300000000000004,35.22967,,,,,,,,
1489123440,39.199999999999996,27.44485,35.3,35.300000000000004,35.239670000000004,,,,,,,,
1489123500,39.199999999999996,27.41285,35.3,35.300000000000004,35.24967,,,,,,,,
1489123560,39.199999999999996,27.381850000000004,35.315,35.301500000000004,35.25967000000001,,,,,,,,
1489123620,39.199999999999996,27.35951,35.3833,35.309830000000005,35.26967000000001,,,,,,,,
1489123680,39.199999999999996,27.325509999999998,35.4,35.31983,35.27967,,,,,,,,
1489123740,39.199999999999996,27.291510000000002,35.4,35.32983,35.28967000000001,,,,,,,,
1489123800,39.199999999999996,27.247510000000002,35.4,35.33983,35.299670000000006,,,,,,,,
1489123860,39.199999999999996,27.225340000000003,35.4,35.34982999999999,35.300000000000004,,,,,,,,
1489123920,39.199999999999996,27.210840000000005,35.4,35.359829999999995,35.300000000000004,,,,,,,,
1489123980,39.199999999999996,27.212000000000003,35.4,35.36983,35.300000000000004,,,,,,,,
1489124040,39.199999999999996,27.222340000000003,35.4,35.37983,35.300000000000004,,,,,,,,
1489124100,39.199999999999996,27.21767,35.4,35.389829999999996,35.300000000000004,,,,,,,,
1489124160,39.199999999999996,27.20267,35.4,35.39833,35.301500000000004,,,,,,,,
1489124220,39.199999999999996,27.17901,35.4,35.4,35.309830000000005,,,,,,,,
1489124280,39.199999999999996,27.166510000000006,35.4,35.4,35.31983,,,,,,,,
1489124340,39.199999999999996,27.164840000000005,35.4,35.4,35.32983,,,,,,,,
1489124400,39.199999999999996,27.179840000000002,35.4,35.4,35.33983,,,,,,,,
1489124460,39.199999999999996,27.190170000000002,35.4,35.4,35.34982999999999,,,,,,,,
1489124520,39.199999999999996,27.191,35.4,35.4,35.359829999999995,,,,,,,,
1489124580,39.199999999999996,27.186839999999997,35.4,35.4,35.36983,,,,,,,,
1489124640,39.199999999999996,27.173499999999997,35.4,35.4,35.37983,,,,,,,,
1489124700,39.199999999999996,27.161,35.4,35.4,35.389829999999996,,,,,,,,
1489124760,39.199999999999996,27.15983,35.4,35.4,35.39833,,,,,,,,
1489124820,39.199999999999996,27.176990000000004,35.4,35.4,35.4,,,,,,,,
1489124880,39.199999999999996,27.19699,35.4,35.4,35.4,,,,,,,,
1489124940,39.199999999999996,27.20016,35.4,35.4,35.4,,,,,,,,
1489125000,39.199999999999996,27.191320000000005,35.4,35.4,35.4,,,,,,,,
1489125060,39.199999999999996,27.18049,35.4,35.4,35.4,,,,,,,,
1489125120,39.199999999999996,27.176830000000002,35.4,35.4,35.4,,,,,,,,
1489125180,39.199999999999996,27.175830000000005,35.4,35.4,35.4,,,,,,,,
1489125240,39.199999999999996,27.17467,35.4,35.4,35.4,,,,,,,,
1489125300,39.199999999999996,27.171670000000002,35.4,35.4,35.4,,,,,,,,
1489125360,39.199999999999996,27.169170000000005,35.4,35.4,35.4,,,,,,,,
1489125420,39.199999999999996,27.148510000000005,35.4,35.4,35.4,,,,,,,,
1489125480,39.199999999999996,27.121180000000006,35.4,35.4,35.4,,,,,,,,
1489125540,39.199999999999996,27.104340000000004,35.4,35.4,35.4,,,,,,,,
1489125600,39.199999999999996,27.08784,35.4,35.4,35.4,,,,,,,,
1489125660,39.199999999999996,27.08334,35.4,35.4,35.4,,,,,,,,
1489125720,39.199999999999996,27.078169999999997,35.4,35.4,35.4,,,,,,,,
1489125780,39.199999999999996,27.078169999999997,35.4,35.4,35.4,,,,,,,,
1489125840,39.199999999999996,27.08233,35.4,35.4,35.4,,,,,,,,
1489125900,39.199999999999996,27.08483,35.4,35.4,35.4,,,,,,,,
1489125960,39.199999999999996,27.07933,35.4,35.4,35.4,,,,,,,,
1489126020,39.199999999999996,27.080489999999998,35.4,35.4,35.4,,,,,,,,
1489126080,39.199999999999996,27.084819999999997,35.4,35.4,35.4,,,,,,,,
1489126140,39.199999999999996,27.087320000000002,35.4,35.4,35.4,,,,,,,,
1489126200,39.199999999999996,27.080160000000003,35.4,35.4,35.4,,,,,,,,
1489126260,39.199999999999996,27.06499,35.4,35.4,35.4,,,,,,,,
1489126320,39.199999999999996,27.05032,35.4,35.4,35.4,,,,,,,,
1489126380,39.199999999999996,27.03465,35.4,35.4,35.4,,,,,,,,
1489126440,39.199999999999996,27.01699,35.4,35.4,35.4,,,,,,,,
1489126500,39.199999999999996,27.00949,35.4,35.4,35.4,,,,,,,,
1489126560,39.199999999999996,27.00716,35.4,35.4,35.4,,,,,,,,
1489126620,39.199999999999996,27.01183,35.4,35.4,35.4,,,,,,,,
1489126680,39.199999999999996,27.01066,35.4,35.4,35.4,,,,,,,,
1489126740,39.199999999999996,27.01583,35.4,35.4,35.4,,,,,,,,
1489126800,39.199999999999996,27.02299,35.4,35.4,35.4,,,,,,,,
1489126860,39.199999999999996,27.03233,35.4,35.4,35.4,,,,,,,,
1489126920,39.199999999999996,27.039170000000002,35.4,35.4,35.4,,,,,,,,
1489126980,39.199999999999996,27.040500000000005,35.4,35.4,35.4,,,,,,,,
1489127040,39.199999999999996,27.043000000000003,35.4,35.4,35.4,,,,,,,,
1489127100,39.199999999999996,27.05283,35.4,35.4,35.4,,,,,,,,
1489127160,39.199999999999996,27.062829999999998,35.4,35.4,35.4,,,,,,,,
1489127220,39.199999999999996,27.05666,35.4,35.4,35.4,,,,,,,,
1489127280,39.199999999999996,27.04883,35.4,35.4,35.4,,,,,,,,
1489127340,39.199999999999996,27.034660000000002,35.4,35.4,35.4,,,,,,,,
1489127400,39.199999999999996,27.035000000000004,35.4,35.4,35.4,,,,,,,,
1489127460,39.199999999999996,27.02333,35.4,35.4,35.4,,,,,,,,
1489127520,39.199999999999996,27.013160000000006,35.4,35.4,35.4,,,,,,,,
1489127580,39.199999999999996,26.98983000000001,35.4,35.4,35.4,,,,,,,,
1489127640,39.199999999999996,26.971490000000006,35.4,35.4,35.4,,,,,,,,
1489127700,39.199999999999996,26.944160000000007,35.4,35.4,35.4,,,,,,,,
1489127760,39.199999999999996,26.916660000000004,35.4,35.4,35.4,,,,,,,,
1489127820,39.199999999999996,26.892660000000003,35.4,35.4,35.4,,,,,,,,
1489127880,39.199999999999996,26.87516,35.4,35.4,35.4,,,,,,,,
1489127940,39.199999999999996,26.86133,35.4,35.4,35.4,,,,,,,,
1489128000,39.199999999999996,26.85716,35.4,35.4,35.4,,,,,,,,
1489128060,39.199999999999996,26.861659999999997,35.4,35.4,35.4,,,,,,,,
1489128120,39.199999999999996,26.86699,35.4,35.4,35.4,,,,,,,,
1489128180,39.199999999999996,26.888489999999997,35.4,35.4,35.4,,,,,,,,
1489128240,39.199999999999996,26.90766,35.4,35.4,35.4,,,,,,,,
1489128300,39.199999999999996,26.923659999999998,35.4,35.4,35.4,,,,,,,,
1489128360,39.199999999999996,26.926829999999995,35.38,35.397999999999996,35.4,,,,,,,,
1489128420,39.199999999999996,26.925829999999998,35.3317,35.39117,35.4,,,,,,,,
1489128480,39.199999999999996,26.908,35.355,35.38667,35.4,,,,,,,,
1489128540,39.199999999999996,26.885170000000002,35.3067,35.37734,35.4,,,,,,,,
1489128600,39.199999999999996,26.832169999999998,35.3,35.36734,35.4,,,,,,,,
1489128660,39.199999999999996,26.780169999999995,35.3,35.35733999999999,35.4,,,,,,,,
1489128720,39.199999999999996,26.727009999999996,35.3,35.347339999999996,35.4,,,,,,,,
1489128780,39.199999999999996,26.668180000000003,35.3,35.33734,35.4,,,,,,,,
1489128840,39.199999999999996,26.610680000000002,35.3,35.32734,35.4,,,,,,,,
1489128900,39.199999999999996,26.56218,35.3,35.31734,35.4,,,,,,,,
1489128960,42.535830000000004,26.524680000000004,35.3017,35.30951,35.397999999999996,,,,,,,,
1489129020,47.22583,26.496679999999998,35.4,35.31634,35.39117,,,,,,,,
1489129080,51.914660000000005,26.484009999999998,35.4,35.32084,35.38667,,,,,,,,
1489129140,56.59966,26.472669999999994,35.4,35.330169999999995,35.37734,,,,,,,,
1489129200,61.28199000000001,26.485670000000006,35.4,35.34016999999999,35.36734,,,,,,,,
1489129260,65.96266000000001,26.50284,35.4,35.35016999999999,35.35733999999999,,,,,,,,
1489129320,70.64266,26.51567,35.4,35.36017,35.347339999999996,,,,,,,,
1489129380,75.32899000000002,26.52983,35.4,35.370169999999995,35.33734,,,,,,,,
1489129440,80.01182,26.54066,35.4,35.38017,35.32734,,,,,,,,
1489129500,84.70065000000001,26.544489999999996,35.4,35.39017,35.31734,,,,,,,,
1489129560,86.02365,26.548819999999996,35.4,35.4,35.30951,,,,,,,,
1489129620,82.14965000000001,26.548159999999996,35.4,35.4,35.31634,,,,,,,,
1489129680,77.46082000000001,26.53783,35.3183,35.39183,35.32084,,,,,,,,
1489129740,72.77582000000001,26.525499999999994,35.2183,35.373659999999994,35.330169999999995,,,,,,,,
1489129800,68.09349,26.504169999999995,35.2,35.35366,35.34016999999999,,,,,,,,
1489129860,63.41282,26.48067,35.1367,35.327329999999996,35.35016999999999,,,,,,,,
1489129920,58.732820000000004,26.473,35.1,35.297329999999995,35.36017,,,,,,,,
1489129980,54.04649,26.473499999999998,35.1,35.267329999999994,35.370169999999995,,,,,,,,
1489130040,49.36366,26.47834,35.1,35.23733,35.38017,,,,,,,,
1489130100,44.67483,26.48368,35.1,35.20733,35.39017,,,,,,,,
1489130160,40.016,26.495350000000002,35.0783,35.17516,35.4,,,,,,,,
1489130220,39.199999999999996,26.51085,35.0283,35.13799,35.4,,,,,,,,
1489130280,39.199999999999996,26.534850000000002,35.0933,35.11549,35.39183,,,,,,,,
1489130340,39.199999999999996,26.562520000000003,35.1,35.103660000000005,35.373659999999994,,,,,,,,
1489130400,39.199999999999996,26.58435,35.1,35.09366000000001,35.35366,,,,,,,,
1489130460,39.199999999999996,26.601510000000005,35.1,35.08999000000001,35.327329999999996,,,,,,,,
1489130520,39.199999999999996,26.608510000000003,35.1,35.08999000000001,35.297329999999995,,,,,,,,
1489130580,39.199999999999996,26.614850000000004,35.1,35.08999000000001,35.267329999999994,,,,,,,,
1489130640,39.199999999999996,26.62151,35.1,35.08999000000001,35.23733,,,,,,,,
1489130700,39.199999999999996,26.63334,35.1,35.08999000000001,35.20733,,,,,,,,
1489130760,39.199999999999996,26.645840000000007,35.1,35.09216,35.17516,,,,,,,,
1489130820,39.199999999999996,26.6585,35.1,35.09933,35.13799,,,,,,,,
1489130880,39.199999999999996,26.668660000000003,35.1,35.10000000000001,35.11549,,,,,,,,
1489130940,39.199999999999996,26.681159999999995,35.1,35.10000000000001,35.103660000000005,,,,,,,,
1489131000,39.199999999999996,26.696829999999995,35.1,35.10000000000001,35.09366000000001,,,,,,,,
1489131060,39.199999999999996,26.714999999999993,35.1,35.10000000000001,35.08999000000001,,,,,,,,
1489131120,39.199999999999996,26.731839999999995,35.1,35.10000000000001,35.08999000000001,,,,,,,,
1489131180,39.199999999999996,26.74084,35.1,35.10000000000001,35.08999000000001,,,,,,,,
1489131240,39.199999999999996,26.74601,35.1,35.10000000000001,35.08999000000001,,,,,,,,
1489131300,39.199999999999996,26.754340000000003,35.1,35.10000000000001,35.08999000000001,,,,,,,,
1489131360,39.199999999999996,26.75034,35.1,35.10000000000001,35.09216,,,,,,,,
1489131420,39.199999999999996,26.75084,35.1,35.10000000000001,35.09933,,,,,,,,
1489131480,39.199999999999996,26.74518,35.1,35.10000000000001,35.10000000000001,,,,,,,,
1489131540,39.199999999999996,26.728839999999998,35.1,35.10000000000001,35.10000000000001,,,,,,,,
1489131600,39.199999999999996,26.71817,35.1,35.10000000000001,35.10000000000001,,,,,,,,
1489131660,39.199999999999996,26.705,35.1,35.10000000000001,35.10000000000001,,,,,,,,
1489131720,39.199999999999996,26.69283,35.1,35.10000000000001,35.10000000000001,,,,,,,,
1489131780,39.199999999999996,26.68449,35.1,35.10000000000001,35.10000000000001,,,,,,,,
1489131840,39.199999999999996,26.682489999999998,35.1,35.10000000000001,35.10000000000001,,,,,,,,
1489131900,39.199999999999996,26.673659999999998,35.1,35.10000000000001,35.10000000000001,,,,,,,,
1489131960,39.199999999999996,26.67832,35.1,35.10000000000001,35.10000000000001,,,,,,,,
1489132020,39.199999999999996,26.68199,35.1,35.10000000000001,35.10000000000001,,,,,,,,
1489132080,39.199999999999996,26.693990000000003,35.1,35.10000000000001,35.10000000000001,,,,,,,,
1489132140,39.199999999999996,26.714660000000006,35.1,35.10000000000001,35.10000000000001,,,,,,,,
1489132200,,,,,,53.0,,26.6317,-3.00167,26.7317,0.0,19.4667,
1489132260,,,,,,52.973349999999996,,26.634999999999998,-2.983335,26.7367,0.0,19.44585,
1489132320,,,,,,52.9467,,26.63915,-2.965,26.746699999999997,0.0,19.425,
1489132380,,,,,,52.92335,,26.64085,-2.9225,26.7575,0.0,19.4125,
1489132440,,,,,,52.9,,26.644199999999998,-2.88,26.7583,0.0,19.4,
1489132500,,,,,,52.9,,26.6492,-2.9225,26.759999999999998,0.0,19.385849999999998,
1489132560,,,,,,52.9,,26.652500000000003,-2.965,26.759999999999998,0.0,19.3717,
1489132620,,,,,,52.9,,26.655,-2.983335,26.762500000000003,0.0,19.33585,
1489132680,,,,,,52.9,,26.6575,-3.00167,26.76665,0.0,19.3,
1489132740,,,,,,52.88665,,26.67415,-2.983335,26.77165,0.0,19.27585,
1489132800,,,,,,52.8733,192.99,26.695,-3.00167,26.77915,0.0,19.2517,
1489132860,,,,,,52.83665,185.375,26.70085,-3.0275,26.78665,0.0,19.22585,
1489132920,,,,,,52.8,189.832,26.70335,-3.00167,26.7925,0.0,19.2,
1489132980,,,,,,52.8,190.76,26.7075,-2.983335,26.79835,0.0,19.17915,
1489133040,,,,,,52.8,183.655,26.71835,-3.00167,26.8,0.0,19.1583,
1489133100,,,,,,52.8,194.61,26.7317,-3.003335,26.810850000000002,0.0,19.1308,
1489133160,,,,,,52.8,188.627,26.7367,-3.005,26.826700000000002,0.0,19.1033,
1489133220,,,,,,52.8,185.352,26.746699999999997,-3.0275,26.8625,0.0,19.1025,
1489133280,,,,,,52.8,194.765,26.7575,-3.005,26.955,0.0,19.1017,
1489133340,,,,,,52.77334999999999,186.655,26.7583,-3.0275,27.019199999999998,0.0,19.10085,
1489133400,,,,,,52.7467,187.87,26.759999999999998,-3.005,27.049999999999997,0.0,19.1017,
1489133460,,,,,,52.723349999999996,192.21,26.762500000000003,-3.0275,27.104999999999997,0.0,19.1025,
1489133520,,,,,,52.7,184.813,26.765,-3.005,27.186700000000002,0.0,19.1033,
1489133580,,,,,,52.7,191.943,26.768349999999998,-3.0275,27.2592,0.0,19.1025,
1489133640,,,,,,52.7,189.908,26.77165,-3.05,27.32835,0.0,19.1017,
1489133700,,,,,,52.7,183.338,26.77915,-3.051665,27.385849999999998,0.0,19.10085,
1489133760,,,,,,52.7,195.105,26.78665,-3.05333,27.3992,0.0,19.1,
1489133820,,,,,,52.7,187.333,26.7925,-3.051665,27.43335,0.0,19.1,
1489133880,,,,,,52.7,188.225,26.79835,-3.05333,27.46165,0.0,19.1,
1489133940,,,,,,52.67,193.01,26.8,-3.09833,27.47165,0.0,19.1,
1489134000,,,,,,52.64,185.395,26.810850000000002,-3.05333,27.48665,0.0,19.1,
1489134060,,,,,,52.620000000000005,190.813,26.826700000000002,-3.09833,27.504150000000003,0.0,19.1,
1489134120,,,,,,52.6,190.625,26.8625,-3.14333,27.559150000000002,0.0,19.1,
1489134180,,,,,,52.6,183.57,26.955,-3.146665,27.618299999999998,0.0,19.1,
1489134240,,,,,,52.6,194.0,27.019199999999998,-3.14333,27.634149999999998,0.0,19.1,
1489134300,,,,,,52.6,188.402,27.049999999999997,-3.1183300000000003,27.63585,0.0,19.09585,
1489134360,,,,,,52.6,185.618,27.104999999999997,-3.14333,27.638350000000003,0.0,19.0917,
1489134420,,,,,,52.57415,194.583,27.186700000000002,-3.146665,27.64665,0.0,19.052500000000002,
1489134480,,,,,,52.5483,186.66,27.2592,-3.14333,27.65915,0.0,19.0133,
1489134540,,,,,,52.526650000000004,187.398,27.32835,-3.1183300000000003,27.65915,0.0,19.0075,
1489134600,,,,,,52.505,192.472,27.385849999999998,-3.09333,27.67165,0.0,19.0017,
1489134660,,,,,,52.5025,184.567,27.3992,-3.1183300000000003,27.67165,0.0,19.00085,
1489134720,,,,,,52.5,194.373,27.43335,-3.09333,27.67165,0.0,19.0,
1489134780,,,,,,52.5,188.562,27.46165,-3.084165,27.67165,0.0,19.0,
1489134840,,,,,,52.5,183.812,27.47165,-3.09333,27.68,0.0,19.0,
1489134900,,,,,,52.5,194.782,27.48665,-3.1183300000000003,27.68,0.0,19.0,
1489134960,,,,,,52.5,186.057,27.504150000000003,-3.09333,27.68,0.0,19.0,
1489135020,,,,,,52.45915,188.733,27.559150000000002,-3.1183300000000003,27.68,0.0,19.0,
1489135080,,,,,,52.4183,191.08,27.605,-3.09333,27.68,0.0,19.0,
1489135140,,,,,,52.40915,183.585,27.61335,-3.1183300000000003,27.685000000000002,0.355,19.0,
1489135200,,,,,,52.4,194.953,27.622500000000002,-3.09333,27.6933,0.71,19.0,
1489135260,,,,,,52.4,187.983,27.62915,-3.1183300000000003,27.6983,1.5825,19.0,
1489135320,,,,,,52.4,186.093,27.634149999999998,-3.14333,27.7,2.455,19.0,
1489135380,,,,,,52.4,192.795,27.63585,-3.1183300000000003,27.7042,2.9066650000000003,18.98085,
1489135440,,,,,,52.4,184.705,27.638350000000003,-3.09333,27.7067,3.35833,18.9733,
1489135500,,,,,,52.3575,192.328,27.645,-3.084165,27.707500000000003,5.644164999999999,18.9675,
1489135560,,,,,,52.315,188.988,27.65165,-3.09333,27.7083,7.93,18.9617,
1489135620,,,,,,52.3075,186.317,27.65915,-3.1183300000000003,27.71665,10.674150000000001,18.96085,
1489135680,,,,,,52.3,194.155,27.67165,-3.11333,27.72585,13.4183,18.96,
1489135740,,,,,,52.3,186.19,27.68,-3.1033299999999997,27.7292,13.895,18.96,
1489135800,,,,,,52.3,189.887,27.685000000000002,-3.12833,27.7292,14.3717,18.96,
1489135860,,,,,,52.3,190.047,27.6933,-3.12833,27.7292,17.3642,18.96,
1489135920,,,,,,52.3,184.392,27.6983,-3.12833,27.73,19.7033,18.96,
1489135980,,,,,,52.3,195.415,27.69915,-3.12833,27.735799999999998,20.03,18.96085,
1489136040,,,,,,52.3,187.063,27.70085,-3.146665,27.735799999999998,20.3567,18.9617,
1489136100,,,,,,52.269999999999996,188.887,27.7042,-3.146665,27.7533,20.41835,18.9625,
1489136160,,,,,,52.24,192.007,27.7067,-3.146665,27.7733,20.48,18.9633,
1489136220,,,,,,52.22,184.168,27.707500000000003,-3.12833,27.785800000000002,20.76415,18.9658,
1489136280,,,,,,52.2,192.127,27.7083,-3.12833,27.795,21.0483,18.9683,
1489136340,,,,,,52.2,188.91,27.71665,-3.12833,27.79835,20.76415,18.9658,
1489136400,,,,,,52.2,186.107,27.72585,-3.1033299999999997,27.8,21.0483,18.9683,
1489136460,,,,,,52.2,193.272,27.7292,-3.12833,27.8,21.95665,18.970799999999997,
1489136520,,,,,,52.2,185.47,27.7325,-3.146665,27.802500000000002,22.865,18.9733,
1489136580,,,,,,52.2,190.723,27.735799999999998,-3.146665,27.80585,23.01165,18.97665,
1489136640,,,,,,52.2,190.343,27.7383,-3.15,27.809199999999997,22.865,18.98,
1489136700,,,,,,52.1625,183.628,27.750799999999998,-3.15,27.809199999999997,22.18585,18.98835,
1489136760,,,,,,52.125,194.985,27.750799999999998,-3.146665,27.815849999999998,22.865,18.98,
1489136820,,,,,,52.1125,187.428,27.750799999999998,-3.15,27.82085,22.18585,18.97665,
1489136880,,,,,,52.1,188.18,27.7533,-3.15,27.823349999999998,21.5067,18.9733,
1489136940,,,,,,52.1,192.028,27.7725,-3.1475,27.823349999999998,21.315849999999998,18.9733,
1489137000,,,,,,52.1,184.662,27.777500000000003,-3.1475,27.82915,21.125,18.9733,33.00007418444151
1489137060,,,,,,52.1,192.22,27.7783,-3.144165,27.83665,21.08665,18.970799999999997,
1489137120,,,,,,52.1,188.905,27.785800000000002,-3.1475,27.8425,21.0483,18.9733,
1489137180,,,,,,52.05585,183.223,27.795,-3.1475,27.85085,20.76415,18.970799999999997,
1489137240,,,,,,52.0117,194.752,27.79835,-3.144165,27.8567,20.48,18.9733,
1489137300,,,,,,52.005849999999995,185.93,27.8,-3.12833,27.8575,20.41835,18.970799999999997,
1489137360,,,,,,52.0,189.628,27.8,-3.1033299999999997,27.8583,20.3567,18.9683,
1489137420,,,,,,52.0,189.92,27.802500000000002,-3.1033299999999997,27.8625,20.03,18.96665,
1489137480,,,,,,52.0,183.162,27.805,-3.09083,27.8717,19.7033,18.965,
1489137540,,,,,,52.0,193.873,27.80585,-3.09083,27.879199999999997,19.619149999999998,18.96665,
1489137600,,,,,,51.96,188.027,27.809199999999997,-3.09083,27.8825,19.535,18.965,
1489137660,,,,,,51.91,187.138,27.815849999999998,-3.09083,27.8833,16.95335,18.96415,
1489137720,,,,,,51.9,193.218,27.82085,-3.081665,27.8875,14.3717,18.9633,
1489137780,,,,,,51.9,185.422,27.823349999999998,-3.081665,27.9192,13.895,18.96415,
1489137840,,,,,,51.88665,189.76,27.82835,-3.09083,27.939999999999998,13.4183,18.965,
1489137900,,,,,,51.83665,190.545,27.832500000000003,-3.10083,27.939999999999998,11.7475,18.96415,
1489137960,,,,,,51.8,183.503,27.83665,-3.081665,27.939999999999998,10.0767,18.965,
1489138020,,,,,,51.8,193.688,27.8425,-3.081665,27.955849999999998,9.003350000000001,18.96665,
1489138080,,,,,,51.78165,188.255,27.85085,-3.081665,27.9825,7.93,18.9683,
1489138140,,,,,,51.73165,186.365,27.8567,-3.081665,28.0125,7.921665,18.970799999999997,
1489138200,,,,,,51.7,193.952,27.8575,-3.10083,28.025,7.91333,18.9683,
1489138260,,,,,,51.7,189.287,27.8583,-3.081665,28.02665,7.35,18.96665,
1489138320,,,,,,51.69585,192.135,27.8625,-3.10083,28.03665,6.78667,18.9683,
1489138380,,,,,,51.65585,185.057,27.8717,-3.129165,28.053350000000002,5.0725,18.970799999999997,
1489138440,,,,,,51.61,184.573,27.879199999999997,-3.129165,28.066699999999997,3.35833,18.9733,
1489138500,,,,,,51.6,194.525,27.8825,-3.129165,28.0717,2.9066650000000003,18.9733,
1489138560,,,,,,51.6,188.62,27.8833,-3.129165,28.07835,2.455,18.9733,
1489138620,,,,,,51.565,185.017,27.8875,-3.10083,28.08915,2.04,18.975,
1489138680,,,,,,51.515,194.512,27.90335,-3.10083,28.08915,1.625,18.9767,
1489138740,,,,,,51.5,186.4,27.92,-3.076665,28.095799999999997,2.04,18.97835,
1489138800,,,,,,51.5,189.32,27.92915,-3.076665,28.09915,1.625,18.98,
1489138860,,,,,,51.5,191.678,27.939999999999998,-3.076665,28.09915,1.468335,18.98835,
1489138920,,,,,,51.4525,184.287,27.955849999999998,-3.076665,28.09915,1.625,18.9967,
1489138980,,,,,,51.4025,192.23,27.9825,-3.10083,28.09915,1.9725,18.998350000000002,
1489139040,,,,,,51.4,188.933,28.0125,-3.1183300000000003,28.09915,2.32,19.0,
1489139100,,,,,,51.4,184.033,28.025,-3.1183300000000003,28.10085,2.3875,19.0,
1489139160,,,,,,51.3875,194.378,28.02665,-3.1183300000000003,28.10835,2.455,19.0,
1489139220,,,,,,51.3375,186.188,28.03665,-3.1183300000000003,28.120849999999997,2.9066650000000003,19.0,
1489139280,,,,,,51.3,190.09,28.045,-3.10583,28.130850000000002,3.35833,19.0,
1489139340,,,,,,51.3,190.983,28.0475,-3.1341650000000003,28.137500000000003,5.0441650000000005,19.0,
1489139400,,,,,,51.285,183.408,28.05,-3.10583,28.14,6.758335000000001,19.0,
1489139460,,,,,,51.2375,195.182,28.05585,-3.10583,28.14,7.35,19.0,
1489139520,,,,,,51.2025,187.222,28.0617,-3.10583,28.14085,7.921665,19.0,
1489139580,,,,,,51.2,187.035,28.066699999999997,-3.10583,28.144199999999998,9.003350000000001,19.0,
1489139640,,,,,,51.2,191.365,28.0717,-3.08,28.15585,10.6342,19.0,
1489139700,,,,,,51.165850000000006,183.233,28.07835,-3.08,28.1725,11.605,19.0,
1489139760,,,,,,51.11585,195.39,28.08915,-3.0683350000000003,28.189999999999998,12.7183,19.0,
1489139820,,,,,,51.1,189.808,28.095799999999997,-3.0633350000000004,28.2125,13.895,19.0,
1489139880,,,,,,51.1,190.195,28.0983,-3.0633350000000004,28.2125,14.4467,19.0,
1489139940,,,,,,51.1,189.755,28.09915,-3.0633350000000004,28.23085,17.02835,19.0,
1489140000,,,,,,51.055,189.1,28.10085,-3.07417,28.248350000000002,19.619149999999998,19.0,
1489140060,,,,,,51.004999999999995,187.297,28.10835,-3.07417,28.28,20.03,19.0,
1489140120,,,,,,51.0,191.993,28.120849999999997,-3.0633350000000004,28.302500000000002,20.41835,19.00085,
1489140180,,,,,,51.0,188.545,28.130850000000002,-3.0633350000000004,28.309150000000002,20.76415,19.005850000000002,
1489140240,,,,,,50.98835,188.99,28.137500000000003,-3.0633350000000004,28.31915,21.08665,19.011650000000003,
1489140300,,,,,,50.93835,186.147,28.14,-3.0633350000000004,28.32,21.315849999999998,19.0183,
1489140360,,,,,,50.9,191.62,28.14085,-3.0633350000000004,28.3542,22.18585,19.0183,
1489140420,,,,,,50.9,184.225,28.144199999999998,-3.046665,28.385849999999998,23.01165,19.0183,
1489140480,,,,,,50.9,194.783,28.15,-3.03583,28.4,23.192500000000003,19.0183,
1489140540,,,,,,50.9,184.982,28.15915,-3.03583,28.41835,23.3075,19.0183,
1489140600,,,,,,50.9,192.492,28.1725,-3.046665,28.43085,23.57665,19.0183,
1489140660,,,,,,50.9,189.98,28.189999999999998,-3.046665,28.445,23.95415,19.0183,
1489140720,,,,,,50.9,182.552,28.2125,-3.03583,28.4575,24.3508,19.0183,
1489140780,,,,,,50.9,194.41,28.23085,-3.03583,28.465,24.9975,19.0183,
1489140840,,,,,,50.9,188.942,28.248350000000002,-3.046665,28.47085,25.605849999999997,19.0183,
1489140900,,,,,,50.9,188.912,28.26415,-3.0633350000000004,28.4767,25.775,19.0275,
1489140960,,,,,,50.9,189.257,28.28415,-3.07417,28.4875,25.84915,19.0325,
1489141020,,,,,,50.9,189.333,28.302500000000002,-3.0825,28.496650000000002,26.6125,19.035,
1489141080,,,,,,50.9,189.645,28.309150000000002,-3.07417,28.525,27.43085,19.0467,
1489141140,,,,,,50.9,188.202,28.31915,-3.0633350000000004,28.55835,27.84835,19.058349999999997,
1489141200,,,,,,50.9,191.483,28.32585,-3.07417,28.630850000000002,28.249200000000002,19.07085,
1489141260,,,,,,50.9,183.61,28.3542,-3.0633350000000004,28.752499999999998,28.7392,19.08585,
1489141320,,,,,,50.9,192.853,28.385849999999998,-3.07417,28.755,29.87,19.09,
1489141380,,,,,,50.9,183.5,28.4,-3.07417,28.755,30.7325,19.09665,
1489141440,,,,,,50.9,192.968,28.41835,-3.07417,28.755,31.081699999999998,19.120800000000003,
1489141500,,,,,,50.9,185.137,28.43085,-3.07417,28.755,31.081699999999998,19.1408,
1489141560,,,,,,50.9,191.183,28.445,-3.0949999999999998,28.755,31.081699999999998,19.1483,
1489141620,,,,,,50.9,182.865,28.4575,-3.0949999999999998,28.755,31.081699999999998,19.160800000000002,
1489141680,,,,,,50.9,195.11,28.465,-3.1183300000000003,28.755,31.081699999999998,19.1775,
1489141740,,,,,,50.9,184.982,28.47085,-3.126665,28.755,31.081699999999998,19.189999999999998,
1489144800,,,,,,51.790800000000004,,28.6,-7.2,29.98,69.86415,19.915,
1489144860,,,,,,52.03665,,28.6,-7.2,29.89,75.41999999999999,19.930799999999998,
1489144920,,,,,,52.1,,28.6,-7.2,29.8,80.7025,19.939149999999998,
1489144980,,,,,,52.1,,28.6,-7.2,29.785,84.09,19.955,
1489145040,,,,,,52.1,,29.175,-4.4475,29.8,88.07085000000001,19.9675,
1489145100,,,,,,52.1,,29.759999999999998,-1.6341649999999999,29.83,91.49584999999999,19.9725,
1489145160,,,,,,52.1,,29.785,-1.1991649999999998,29.86,108.03434999999999,19.97915,
1489145220,,,,,,52.10915,,29.83,-0.4475,29.92,122.8485,19.9833,
1489145280,,,,,,52.25,,29.92,10.57085,29.98,132.12900000000002,19.99165,
1489145340,,,,,,52.400000000000006,,30.01585,13.40835,30.01585,143.8265,20.01915,
1489145400,,,,,,52.6075,187.658,30.0517,11.5333,30.0517,277.4975,20.055,
1489145460,,,,,,52.8625,193.508,30.11335,8.56915,30.11335,579.7560000000001,20.089199999999998,
1489145520,,,,,,53.03415,183.125,30.175,11.5333,30.175,757.8395,20.1142,
1489145580,,,,,,53.30585,193.257,30.15,12.515,30.15,772.145,20.1142,
1489145640,,,,,,53.495850000000004,186.502,30.125,13.4967,30.125,781.2465,20.130850000000002,
1489145700,,,,,,53.65585,191.112,30.15,12.515,30.15,782.1,20.14085,
1489145760,,,,,,53.794200000000004,188.013,30.175,13.4967,30.175,782.1,20.143349999999998,
1489145820,,,,,,53.89085,188.775,30.18,17.3492,30.18,782.1,20.14835,
1489145880,,,,,,53.99665,191.882,30.185,21.2017,30.185,782.1,20.155,
1489145940,,,,,,55.5975,186.13,30.1925,21.206699999999998,30.1925,782.1,20.1583,
1489146000,,,,,,57.2025,190.827,30.2,21.2117,30.2,833.694,20.165,
1489146060,,,,,,57.22665,185.67,30.20915,21.206699999999998,30.20915,915.5675,20.1742,
1489146120,,,,,,57.31915,192.705,30.2183,21.2117,30.2183,946.4495,20.186700000000002,
1489146180,,,,,,57.4358,188.828,30.2408,21.6292,30.2408,978.946,20.20085,
1489146240,,,,,,57.5275,189.678,30.2633,21.2117,30.2633,1012.185,20.265,
1489146300,,,,,,57.6125,189.257,30.27415,21.6292,30.27415,1017.595,20.377499999999998,
1489146360,,,,,,57.665800000000004,187.197,30.285,22.0467,30.285,1025.615,20.447499999999998,
1489146420,,,,,,57.7825,188.23,30.29665,21.6292,30.29665,1031.83,20.60585,
1489146480,,,,,,57.98,189.167,30.3083,21.2117,30.3083,1031.83,20.823349999999998,
1489146540,,,,,,58.2183,191.497,30.31915,21.206699999999998,30.31915,1031.83,20.9,
1489146600,,,,,,58.3675,188.84,30.33,21.2017,30.42335,1031.83,20.9,
1489147200,,,,,,58.726,188.888,30.42335,18.405,30.6117,1047.75,22.1617,
1489147800,,,,,,58.682,188.773,30.5167,15.6083,30.77835,1048.975,22.28835,
1489148400,,,,,,58.726,189.903,30.5483,15.6083,30.9038,1049.17,22.42,
1489149000,,,,,,58.682,188.702,30.654200000000003,14.97455,31.3513,1049.39,22.45,
1489149600,,,,,,58.6446,188.973,30.7935,-1.36667,31.3513,1049.325,22.48585,
1489150200,,,,,,58.6446,189.727,31.1081,-4.1200849999999996,31.2177,1049.26,22.5217,
1489150800,,,,,,59.1133,189.636,31.1511,-3.9755000000000003,31.0845,1049.25,22.5467,
1489151400,,,,,,59.580600000000004,189.899,31.2845,-2.827915,31.2177,1049.24,22.5717,
1489152000,,,,,,56.3202,189.775,31.2845,-2.44325,31.7735,1049.18,22.5883,
1489152600,,,,,,56.3202,189.518,31.4956,-2.44325,32.1353,1044.925,22.77835,
1489153200,,,,,,56.3202,188.96,31.9544,2.896835,32.4135,995.268,23.1543,
1489153800,,,,,,56.3202,189.976,32.2744,18.800584999999998,32.4142,958.5329999999999,24.00105,
1489154400,,,,,,56.3202,189.449,32.41385,22.28135,32.4195,963.7339999999999,24.1079,
1489155000,,,,,,56.4943,189.197,32.41685,27.1269,32.8535,963.7339999999999,24.18125,
1489155600,,,,,,56.5195,189.306,32.6365,32.32985,33.563,963.7339999999999,24.238500000000002,
1489156200,,,,,,57.7692,189.251,33.20825,39.24325,33.9698,984.48,24.30185,
1489156800,,,,,,59.3172,189.232,33.766400000000004,57.998400000000004,34.5382,999.504,24.33135,
1489157400,,,,,,60.6758,189.612,34.254000000000005,34.0403,34.7433,1011.6600000000001,24.38385,
1489158000,,,,,,62.1753,188.759,34.64075,34.0403,34.7882,1012.4100000000001,24.38385,
1489158600,,,,,,64.0688,188.939,34.64075,33.21375,34.7882,1012.4100000000001,24.446199999999997,
1489159200,,,,,,65.7418,189.32,34.704899999999995,19.6777,34.6665,1012.4100000000001,24.507849999999998,
1489159800,,,,,,65.7418,189.071,34.704899999999995,9.585014999999999,34.4077,1012.4100000000001,24.56675,
1489160400,,,,,,65.7418,188.651,34.537099999999995,-0.41049999999999986,34.3522,1012.4100000000001,24.62735,
1489161000,,,,,,65.7418,189.081,34.37995,-2.77325,34.2432,1004.49,24.711,
1489161600,,,,,,65.7418,189.68,34.37995,-2.77325,34.2432,1011.03,24.7715,
1489162200,,,,,,63.7618,189.111,34.48275,3.8365850000000004,34.6133,1011.03,24.7715,
1489162800,,,,,,63.7618,189.092,34.48275,3.8365850000000004,34.6182,1011.03,24.7715,
1489163400,,,,,,63.7618,188.488,34.615750000000006,3.8365850000000004,34.8398,976.5285,24.78625,
1489164000,,,,,,63.7618,190.391,34.729,18.526899999999998,35.0318,976.5285,24.78625,
1489164600,,,,,,63.7618,189.389,34.9358,18.526899999999998,35.0318,976.5285,24.77555,
1489165200,,,,,,63.859,188.847,34.9358,15.377315000000001,35.0318,979.7435,24.77555,
1489165800,,,,,,64.146,188.86,35.122749999999996,2.80858,35.2137,1014.245,24.748649999999998,
1489166400,,,,,,64.1942,189.086,35.122749999999996,2.80858,35.2233,1022.0699999999999,24.7306,
1489167000,,,,,,64.7278,189.651,35.122749999999996,2.892415,35.2233,1034.775,24.71595,
1489167600,,,,,,64.7903,188.86,34.977500000000006,2.892415,33.4473,1045.68,24.6401,
1489168200,,,,,,66.2985,189.384,34.258300000000006,4.057165,33.4473,1049.4850000000001,24.53575,
1489168800,,,,,,67.0657,188.591,33.9394,4.057165,33.7753,1049.4850000000001,24.43725,
1489169400,,,,,,68.6652,189.195,33.6113,4.057165,33.7753,1045.68,24.35725,
1489170000,,,,,,68.6652,188.892,33.56315,-0.5933350000000002,33.679,1034.775,24.30825,
1489170600,,,,,,68.6652,189.416,33.72715,-3.430085,33.679,1034.775,24.2391,
1489171200,,,,,,68.6652,189.185,33.9394,-3.430085,34.2342,1023.8699999999999,24.194699999999997,
1489171800,,,,,,68.6652,188.986,34.16885,-3.430085,34.5655,1016.045,24.132849999999998,
1489172400,,,,,,64.7185,189.038,34.27275,-2.409415,34.5655,983.0695000000001,24.061500000000002,
1489173000,,,,,,63.1673,189.488,34.27275,-0.56183165,34.3113,917.094,23.990900000000003,
1489173600,,,,,,62.5053,189.352,34.27275,-0.56183165,34.0168,851.0525,23.9054,
1489174200,,,,,,61.6763,189.368,34.16405,-0.56183165,33.5822,794.5895,23.839399999999998,
1489174800,,,,,,60.9542,188.948,33.7995,-1.061665,33.1607,768.415,23.7899,
1489175400,,,,,,60.3948,188.848,33.371449999999996,-2.270085,32.5765,758.2719999999999,23.77,
1489176000,,,,,,59.7222,188.982,32.8686,-3.32817,32.1545,742.3409999999999,23.761499999999998,
1489176600,,,,,,58.9825,189.28,32.3655,-3.42542,31.8902,698.367,23.761499999999998,
1489177200,,,,,,58.6405,188.964,32.02235,-3.42542,31.5642,662.8105,23.761499999999998,
1489177800,,,,,,58.5947,188.793,31.829250000000002,-3.427,31.5642,415.63649999999996,23.761499999999998,
1489178400,,,,,,58.5025,188.876,31.8048,-3.49675,31.7683,85.64566500000001,23.761499999999998,
1489179000,,,,,,58.4187,189.162,31.666249999999998,-3.49542,31.7683,5.24275,23.761499999999998,
1489179600,,,,,,58.2818,188.896,31.55125,-3.598,31.4232,4.87,23.77,
1489180200,,,,,,58.1955,189.527,31.500149999999998,-3.598,31.4232,2.57042,23.78465,33.00007418444151
1489180800,,,,,,58.0923,189.057,31.49325,-3.598,31.462,0.991835,23.81455,
1489181400,,,,,,57.8998,188.929,31.4426,-3.6075850000000003,31.462,0.991835,23.8568,
1489182000,,,,,,57.8998,189.002,31.4426,-3.6295,31.5245,0.991835,23.867,
1489182600,,,,,,57.8998,188.259,31.49325,-3.59208,31.6882,2.57042,23.867,
1489183200,,,,,,57.8998,189.686,31.60635,-3.51483,31.7123,4.87,23.867,
1489183800,,,,,,57.8998,188.543,31.700249999999997,3.2498350000000005,31.9738,6.95458,23.867,
1489184400,,,,,,58.2688,189.51,31.843049999999998,18.8234,31.9773,20.728515,23.831,
1489185000,,,,,,61.3897,189.044,31.97555,31.2659,32.2378,479.4216,23.79905,
1489185600,,,,,,63.5773,189.622,32.10755,36.88635,32.5048,986.9290000000001,23.78065,
1489186200,,,,,,65.3307,189.422,32.13275,77.75659999999999,32.5048,1049.91,23.78065,
1489186800,,,,,,66.8012,189.338,32.13275,147.0155,32.0277,1049.995,23.74475,
1489187400,,,,,,68.0635,189.366,32.26625,158.70499999999998,32.0277,1050.085,23.65675,
1489188000,,,,,,69.2565,189.963,32.5884,201.2545,32.672,1050.135,23.5319,
1489188600,,,,,,70.4177,188.783,32.34985,272.725,32.672,1051.31,23.3768,
1489189200,,,,,,71.1942,189.951,31.54345,341.64300000000003,31.0592,1065.7849999999999,23.0253,
1489189800,,,,,,71.674,189.248,30.9212,381.28999999999996,30.463,1081.65,22.3678,

