unixtime,YEAR,MONTH,DAY,HOUR,MINUTE,WTURNativeStatus,WROTPitchAngleAvgTravNeg,WGENStatorCur,WGENSpeed,WROTSpeed,WNACWindSpeed,WTURPower,WCNVCoolantPress,WTRFPhase3Temp,WGENRotorCur,WGENBearNDETemp,WTURReactivePowerAux,WTURReactivePower,WROTPitchAngleSP,WYAWPressure,WGENPhase3Temp,WTURCosPhi,WGENBearDETemp,WTRMBearTemp,WGENPhase2Temp,WTRFPhase1Temp,WROTPitchAngleAvg,WHDRGroupOilTemp,WGENPhase1Temp,WNACDirection,WCNVHeaterTempBott,WNACWindDirection,WCNVHeaterTempSup,WNACWindSpeedStd10min,WHDRGroupOilPress,WTRMOilTemp,WTURStatus,WNACAmbTemp,WCNVCoolantTemp,WCNVNetVoltage,WNACNacelleTemp,WTURPowerAux,WTRFPhase2Temp,WROTPitchAngleAvgTravPos,WHDRGroupOilPressTravNeg,WHDRGroupOilPressTravPos,WTURPowerMed10min,WGENSpeedStd10min,WTURPowerStd10min,WROTPitchAngleAvgMax10min,WNACWindDirectionCosMin10min,WROTSpeedMin10min,WTURPowerMin10min
1440873600,2015,8,29,20,40,100.0,-26.8,561.366,1391.46,13.7745,7.516,642.313,0.0,70.1924,308.58799999999997,73.9146,-23.0975,-97.7883,1.94595,127.49600000000001,89.2402,0.893683,69.368,68.5098,88.7973,73.8234,1.97033,46.9138,89.3692,177.965,45.8548,-0.20253800000000002,53.292,2.05987,189.938,63.7591,100.0,29.8633,42.7733,677.26,36.1793,-27.9077,71.2918,25.9,-223.195,224.0,674.7560000000001,255.95,442.532,4.0,0.5447489999999999,10.2,19.8188
1440874200,2015,8,29,20,50,100.0,-27.0,364.931,1182.05,11.7052,6.1055,323.329,0.0,70.1461,256.052,72.4543,-20.2812,-81.7347,1.9166299999999998,197.229,85.7029,0.940522,70.3028,66.4609,84.7859,73.9875,1.953,46.99100000000001,85.6156,177.96900000000002,43.1686,4.3719,51.1112,0.8645219999999999,189.622,61.7982,100.0,29.4594,40.7226,677.462,36.1751,-26.4427,71.1806,28.7,-221.813,222.609,313.884,119.75,134.563,3.4,0.925969,10.2,108.01899999999999
1440901200,2015,8,30,4,20,100.0,-5.3,1119.03,1679.97,16.6436,9.70767,1438.57,0.0,68.0757,476.337,72.087,-21.0073,-98.991,1.42708,199.088,79.0661,0.99708,71.5462,68.3615,78.1015,72.0435,1.439,42.3079,78.7455,177.96900000000002,44.6896,-2.7762,51.2562,0.281615,189.13400000000001,63.4754,100.0,25.8698,40.4481,682.431,31.6389,-27.1396,69.2655,5.4,-135.711,142.711,1438.37,2.08069,72.7848,1.8,0.994872,16.2994,1292.42
1440901800,2015,8,30,4,30,100.0,-6.0,1008.78,1679.93,16.6289,9.41533,1303.86,0.0,69.4118,445.13599999999997,73.3833,-21.4703,-69.1701,1.46757,190.62400000000002,81.14,0.99803,70.41,68.6482,80.1354,73.346,1.48033,42.0594,80.7563,173.791,44.1513,-4.12901,50.9202,0.304827,188.762,63.8014,100.0,25.6976,40.0401,684.549,31.416999999999998,-27.2446,70.6911,6.2,-133.898,123.102,1291.89,1.17462,61.8917,1.8,0.977018,16.2994,1205.01
1440902400,2015,8,30,4,40,100.0,-7.7,978.135,1679.96,16.6442,9.22233,1258.8,0.0,70.3588,431.715,74.1633,-21.2929,-84.99600000000001,1.5099,199.78799999999998,81.9845,0.99716,69.5401,68.7263,81.0033,74.2932,1.52983,41.8903,81.5425,168.28099999999998,43.4025,-0.836475,50.2441,0.212312,189.426,63.9086,100.0,25.6945,39.4855,684.575,31.3446,-27.1417,71.7065,7.6,-140.391,143.391,1246.74,1.09315,55.1071,1.9,0.994132,16.2994,1134.79
1440903000,2015,8,30,4,50,100.0,-30.7,587.444,1478.81,14.6324,7.495,673.096,0.0,70.9582,302.85,73.9675,-21.4831,-105.061,1.9437,200.02700000000002,80.513,0.9851270000000001,67.392,67.4405,79.6254,75.0237,1.9848299999999999,41.5614,80.1658,168.28099999999998,40.6973,-3.64954,47.595,0.680451,189.845,62.8322,100.0,25.6152,37.5422,685.41,31.5244,-27.2848,72.2822,30.8,-210.602,224.102,657.694,87.5856,121.165,3.4,0.981619,12.0,424.725
1440903600,2015,8,30,5,0,100.0,-27.3,581.868,1472.34,14.5722,7.56,638.863,0.0,70.8155,299.009,72.1212,-21.1991,-113.3,1.8571900000000001,200.125,77.9469,0.9830780000000001,62.3733,66.1601,77.1073,75.0112,1.8945,41.4035,77.6849,168.28099999999998,39.079,-3.4794,45.9469,0.629598,189.89,61.5515,100.0,25.6215,36.2733,685.039,31.5541,-27.1042,72.0617,27.2,-207.40599999999998,203.703,640.5,75.7875,76.5023,3.0,0.9841489999999999,12.7988,487.069
1440953400,2015,8,30,18,50,100.0,-21.8,761.752,1614.59,15.9769,8.545,962.905,0.0,70.149,355.289,74.7032,-15.6685,-112.319,1.7659,199.61,88.574,0.9908600000000001,56.3382,69.1563,87.9035,73.4869,1.7915,45.5078,88.7132,177.96900000000002,47.1136,-3.97586,53.9631,0.896334,189.49099999999999,63.667,100.0,31.5013,43.9347,684.857,36.5001,-17.0073,71.2233,22.4,-203.422,201.727,934.303,93.8888,192.87,2.7,0.953098,12.7988,576.975
1440954000,2015,8,30,19,0,100.0,-58.0,880.456,1627.73,16.1082,9.158999999999999,1085.08,0.0,70.7509,404.13199999999995,76.671,-15.8021,-65.88600000000001,2.13461,199.935,89.5223,0.995288,57.0965,69.282,88.9327,74.1194,2.15417,45.5072,89.7261,177.96900000000002,47.2968,-2.57329,53.9833,1.30776,189.558,63.8633,100.0,31.4439,43.96,683.9780000000001,36.405,-17.4271,71.8751,58.1,-312.797,302.39799999999997,1083.01,92.4686,304.449,7.7,0.895071,12.6994,531.3
1440954600,2015,8,30,19,10,100.0,-115.7,1124.73,1681.0,16.6388,12.7272,1444.97,0.0,72.0147,500.559,78.5758,-17.8686,31.7559,9.416739999999999,158.306,93.6345,0.9990000000000001,58.6493,70.4349,92.94,75.4248,9.453,45.7539,93.9125,177.96900000000002,50.3117,0.457425,56.7235,1.9624599999999999,189.78799999999998,65.17,100.0,30.3586,46.0261,680.9680000000001,36.2357,-19.2354,73.363,128.5,-485.789,488.289,1469.08,21.0964,92.8654,17.9,0.891007,15.9,1287.69
1440955200,2015,8,30,19,20,100.0,-93.5,1487.63,1678.93,16.6239,13.6288,1894.51,0.0,73.7995,626.293,79.9633,-21.3112,31.2089,9.71528,187.71599999999998,99.2787,0.9990000000000001,61.1925,71.3796,98.3135,77.2558,9.745,46.5739,99.477,177.97,52.5703,4.7752099999999995,58.3741,1.14152,189.622,66.494,100.0,29.3616,47.152,681.3919999999999,35.5157,-26.1597,75.4893,87.4,-463.805,468.898,1997.1,14.418,182.55,15.3,0.948351,15.9,1527.49
1440955800,2015,8,30,19,30,100.0,-94.0,1538.56,1680.42,16.6323,12.4045,1969.32,0.0,76.6113,639.172,80.5675,-22.0343,-0.37375,6.30184,194.447,105.023,0.9990129999999999,63.7573,72.3491,103.626,80.2012,6.3335,47.3097,104.79799999999999,177.97,54.5373,-0.0200625,60.2301,1.19367,190.085,67.9709,100.0,28.9903,48.5486,679.3560000000001,35.1433,-28.1051,78.8202,87.0,-468.086,454.99199999999996,2000.38,12.7605,105.92299999999999,11.7,0.9690700000000001,16.0988,1590.49
1440956400,2015,8,30,19,40,100.0,-110.5,1485.0,1681.86,16.6414,12.6063,1911.34,0.0,79.2439,624.494,81.5252,-23.1027,22.5936,6.884689999999999,192.44299999999998,107.273,0.9990030000000001,66.7025,72.7627,105.84899999999999,82.9773,6.94033,47.7926,106.88600000000001,177.96900000000002,53.1352,-3.51514,58.9942,1.58391,189.83,68.5891,100.0,27.6478,47.1976,681.577,34.4346,-29.0759,81.7559,121.9,-548.992,557.492,1906.67,17.1276,131.159,15.3,0.9334870000000001,15.9,1653.49
1440957000,2015,8,30,19,50,100.0,-86.9,1445.15,1678.78,16.6189,17.2983,1842.45,0.0,81.7725,611.59,82.3119,-22.3955,36.0914,16.0789,190.965,108.605,0.9989979999999999,70.3076,72.8436,107.40799999999999,85.5842,16.112000000000002,48.141000000000005,108.26899999999999,177.968,51.187,-0.784688,57.1963,2.21415,189.90099999999998,68.8281,100.0,26.0308,45.3234,679.948,33.9166,-28.3591,84.5371,83.3,-455.57800000000003,448.375,1848.66,20.8309,101.18299999999999,23.3,0.952023,15.9,1671.99
1440957600,2015,8,30,20,0,100.0,-38.5,1348.11,1678.49,16.6112,10.8773,1755.25,0.0,84.0609,565.8,82.7715,-21.037,-41.8233,3.8826699999999996,199.97299999999998,110.397,0.997717,72.8952,72.8671,108.929,88.0093,3.9096699999999998,48.3653,109.948,177.96900000000002,50.3064,-2.7759400000000003,56.2947,1.83044,189.653,69.1567,100.0,25.7508,44.4413,679.2280000000001,32.8247,-26.9468,87.09899999999999,30.7,-295.188,299.086,1945.85,7.610469999999999,350.93699999999995,11.4,0.9844959999999999,16.2,976.5
1440958200,2015,8,30,20,10,100.0,-25.0,481.716,1334.95,13.2072,6.7625,508.298,0.0,84.773,284.508,81.8913,-22.8927,-108.932,1.91812,182.53799999999998,102.594,0.965303,72.6976,70.0802,101.56200000000001,88.8455,1.94717,48.271,102.23700000000001,183.16,42.0193,-0.0882375,49.5639,0.8224790000000001,189.418,66.6725,100.0,26.1108,38.775,690.922,33.0751,-26.7822,87.5295,24.5,-217.703,223.305,480.375,162.623,206.865,2.8,0.9547479999999999,11.1994,285.075
1440958800,2015,8,30,20,20,100.0,-24.1,292.885,1088.89,10.7805,5.36083,215.34599999999998,0.0,83.7855,245.928,77.0533,-21.5267,-94.5492,2.11205,199.83900000000003,96.2114,0.89394,67.408,66.2647,95.2522,88.137,2.14933,48.0066,95.8603,178.125,39.6691,2.6109,48.6974,0.470764,189.55,63.3953,100.0,25.9626,37.3482,685.8510000000001,33.3753,-26.5073,86.2433,23.9,-209.82,202.61700000000002,232.83700000000002,40.9035,59.4134,3.4,0.9547479999999999,10.2,95.6813
1440959400,2015,8,30,20,30,100.0,-34.5,496.85900000000004,1350.26,13.3701,7.00467,503.94,0.0,82.5522,289.75,72.8889,-25.252,-92.5919,1.8853799999999998,102.78,91.6205,0.962627,63.199,65.4102,90.6362,87.2163,1.9201700000000002,47.6304,91.3723,111.809,38.9649,-1.6549900000000002,46.9577,1.19815,189.58700000000002,61.8933,100.0,24.6256,36.2696,683.6,32.6957,-29.1513,84.9656,34.5,-243.88299999999998,242.78900000000002,583.8,216.11900000000003,235.903,3.9,0.9334870000000001,10.2,150.938
1440978000,2015,8,31,1,40,100.0,-80.4,1499.87,1682.14,16.6469,11.5702,1943.85,0.0,86.0178,630.612,73.9381,-20.4269,24.4849,4.38021,193.21599999999998,103.429,0.9990000000000001,55.9751,70.7158,102.26,89.2321,4.4236699999999995,43.7405,103.212,94.5823,47.5678,4.90804,53.37,0.6124149999999999,189.94099999999997,66.998,100.0,22.6638,41.3411,684.674,28.9249,-25.4358,88.9352,80.4,-463.406,448.805,1932.66,10.1695,56.1689,10.8,0.9736389999999999,16.0988,1847.48
1440978600,2015,8,31,1,50,100.0,-52.5,1519.66,1680.27,16.6295,13.0348,1957.72,0.0,88.5579,637.8919999999999,76.2463,-20.0228,26.9179,8.112119999999999,190.92,104.84299999999999,0.9990000000000001,57.7293,70.9558,103.682,91.7947,8.1485,43.9213,104.508,106.68299999999999,46.9484,-1.6169200000000001,52.6801,0.938725,189.71200000000002,67.3133,100.0,22.3358,40.6939,684.612,29.0054,-24.9113,91.6771,51.3,-422.523,435.82,1928.06,7.4775,70.0941,12.4,0.9578479999999999,16.2994,1881.73
1440979200,2015,8,31,2,0,100.0,-45.8,1281.29,1682.72,16.6541,10.931,1673.1,0.0,90.9736,554.124,77.9655,-19.7584,19.3832,2.63191,190.107,105.09700000000001,0.9990000000000001,59.0168,70.8147,103.91799999999999,94.1971,2.655,43.4565,104.727,104.641,45.114,-0.713138,51.2206,0.761954,189.60299999999998,67.2003,100.0,22.1927,39.2644,684.625,28.3438,-24.229,94.2704,46.2,-351.51599999999996,335.414,1614.97,5.99587,168.979,5.9,0.9828709999999999,16.2994,1462.91
1440979800,2015,8,31,2,10,100.0,-52.4,1032.69,1681.77,16.6485,10.2845,1347.5,0.0,92.2074,470.561,79.0503,-20.0214,14.0721,2.35626,189.36700000000002,101.681,0.9990120000000001,60.1661,70.4324,100.54,95.5825,2.37867,42.7527,101.215,107.52,42.6113,-0.621337,49.0167,0.92886,189.68099999999998,66.6356,100.0,22.5791,37.5433,685.617,28.6595,-24.8539,95.4174,49.3,-333.375,338.477,1316.18,6.34605,180.532,5.7,0.975917,16.2994,1061.29
1440980400,2015,8,31,2,20,100.0,-29.8,991.7239999999999,1679.1,16.6194,9.719330000000001,1292.8,0.0,92.8971,452.75199999999995,79.3468,-19.9235,-18.4572,1.67113,192.368,98.2946,0.9989979999999999,61.0822,69.8785,97.182,96.2659,1.6901700000000002,42.1251,97.8431,104.79799999999999,41.0402,0.45495,47.6165,0.737518,189.86,65.8834,100.0,22.1883,36.3655,689.043,28.4124,-24.2634,96.0264,31.0,-242.898,240.703,1315.52,8.51026,150.605,5.6,0.9754870000000001,16.2,950.9060000000001
1440981000,2015,8,31,2,30,100.0,-40.6,759.477,1633.3,16.1602,8.4005,974.332,0.0,92.8951,374.95,79.2595,-20.1144,-41.88399999999999,2.0693099999999998,190.074,94.6186,0.997368,61.765,69.1995,93.5524,96.3329,2.10317,41.5904,94.2328,103.897,39.074,5.99351,45.7641,1.25769,189.65400000000002,65.0944,100.0,21.8791,34.8577,690.6310000000001,29.2041,-24.3964,95.9053,41.2,-267.39799999999997,283.297,1004.19,84.1908,136.899,4.5,0.955793,12.9994,522.769
1440981600,2015,8,31,2,40,100.0,-34.0,407.471,1232.38,12.2044,5.600169999999999,369.63599999999997,0.0,91.6941,270.45099999999996,76.4463,-22.3721,-99.8519,2.58679,183.484,89.8978,0.9435180000000001,60.2067,65.8645,88.9762,95.4686,2.62167,41.2801,89.6942,126.01100000000001,39.2585,2.11346,47.0607,1.06476,189.729,62.3965,100.0,21.6894,36.8626,690.691,28.4449,-25.8337,94.5299,32.5,-233.99200000000002,222.688,394.66900000000004,132.121,128.89,3.9,0.937373,10.2,164.19400000000002
1441225800,2015,9,2,22,30,100.0,-91.8,1245.66,1673.43,16.5543,10.2933,1601.92,0.0,80.1817,533.854,73.4094,-14.2448,-25.9449,3.3896699999999997,176.00900000000001,93.34299999999999,0.998972,47.3512,66.1391,92.3611,82.5565,3.42717,36.6477,93.4552,145.231,42.6701,5.46116,49.1146,1.63514,189.582,61.7272,100.0,14.8916,38.4819,682.196,27.334,-13.967,82.6643,92.0,-393.20300000000003,404.906,1697.13,25.3479,364.204,9.5,0.898028,15.3994,912.8439999999999
1441226400,2015,9,2,22,40,100.0,-85.9,1233.56,1679.25,16.6277,10.4153,1626.58,0.0,82.32700000000001,532.771,74.5738,-13.7775,-3.4752099999999997,3.1163,183.282,98.40299999999999,0.999015,47.6135,66.2991,97.41799999999999,84.708,3.15883,37.005,98.6135,177.96900000000002,46.3021,-0.270825,52.6778,1.3765100000000001,190.25400000000002,62.2941,100.0,14.6989,41.6343,682.47,27.079,-13.5779,85.2027,86.3,-365.92199999999997,370.92199999999997,1638.13,15.0212,287.566,10.3,0.9278850000000001,16.0988,1003.8
1441227000,2015,9,2,22,50,100.0,-119.4,1352.39,1681.33,16.632,11.072000000000001,1721.16,0.0,83.8756,573.975,75.6815,-16.4393,-5.16,4.36072,199.517,99.3729,0.9990100000000001,48.0358,66.2043,98.3872,86.3388,4.4128300000000005,37.1782,99.4834,177.97099999999998,44.7048,-4.677230000000001,51.1452,1.34683,189.899,62.0798,100.0,14.5619,40.1771,682.575,26.5506,-18.8668,86.8765,120.1,-465.60900000000004,450.406,1819.91,16.7544,269.472,12.8,0.9630920000000001,15.9994,1036.61
1441227600,2015,9,2,23,0,100.0,-115.8,1289.58,1678.78,16.6132,10.9032,1672.97,0.0,85.7464,555.07,76.2241,-19.9361,-2.79583,4.00204,199.778,100.04700000000001,0.9990180000000001,47.8143,66.2791,99.0041,88.2749,4.042,37.5887,99.999,177.96900000000002,45.8809,-0.669675,52.3205,1.3401100000000001,190.233,62.3317,100.0,14.5264,41.2434,685.3860000000001,26.5314,-24.2001,89.0088,119.2,-447.586,444.68800000000005,1697.46,20.6465,279.313,11.3,0.977018,15.6,1086.49
1441228200,2015,9,2,23,10,100.0,-101.1,1258.73,1678.8,16.6052,10.488,1625.0,0.0,87.3989,537.489,76.8744,-19.6247,-33.601,3.1510700000000003,199.74400000000003,98.4583,0.998915,47.5585,66.232,97.3816,89.9315,3.18817,37.8255,98.2583,177.96900000000002,45.2156,-3.72514,51.7836,1.27759,190.30200000000002,62.2473,100.0,14.5242,40.7237,682.7330000000001,26.3052,-24.3241,90.8295,96.1,-408.523,409.523,1615.29,15.1033,257.539,8.6,0.975917,15.9,1119.56
1441228800,2015,9,2,23,20,100.0,-75.2,1152.77,1676.66,16.5942,9.96833,1497.6,0.0,88.665,493.69599999999997,76.817,-18.8168,-69.3676,2.3249400000000002,199.813,95.8093,0.998237,47.4226,66.1129,94.7054,91.2589,2.36583,37.9326,95.4853,177.96900000000002,43.3035,-5.27655,50.0485,1.05558,189.455,61.9146,100.0,14.5974,39.1427,680.3989999999999,25.7475,-23.5631,92.1563,75.7,-314.414,323.617,1561.35,18.9086,246.44799999999998,8.4,0.960731,15.3,964.688
1441229400,2015,9,2,23,30,100.0,-83.7,1066.38,1624.44,16.0656,9.59883,1325.38,0.0,89.2969,467.526,76.0133,-18.3765,-70.2895,2.6514900000000003,199.877,92.0217,0.99695,47.3279,65.5496,91.0258,91.9183,2.69767,37.7552,91.7035,177.96900000000002,40.7757,-4.670780000000001,47.6133,1.69938,190.187,62.5019,100.0,14.6748,37.0139,681.597,26.1036,-22.8399,92.7564,85.0,-339.289,338.88300000000004,1475.51,111.28200000000001,455.56,7.8,0.957735,12.3994,498.75
1441230000,2015,9,2,23,40,100.0,-64.9,1004.09,1628.9,16.1202,9.28567,1293.73,0.0,90.2858,441.71,75.1859,-19.3739,-90.6926,2.1772299999999998,192.46900000000002,91.0016,0.9948450000000001,46.9975,65.8235,90.0103,92.9215,2.21233,37.5893,90.6828,176.80700000000002,41.8795,-3.55208,48.7015,1.3899,189.455,62.2656,100.0,14.6692,38.0204,684.268,25.4916,-23.7018,93.8618,63.2,-283.797,292.703,1403.78,92.0243,373.207,7.2,0.955793,13.3988,581.569
1441230600,2015,9,2,23,50,100.0,-54.0,663.155,1458.99,14.4407,7.849,785.78,0.0,90.1994,335.914,73.9828,-18.2271,-105.855,2.17461,189.321,85.8417,0.978083,46.7527,64.5098,84.8787,92.8812,2.2095,37.3552,85.4917,177.968,37.3482,-4.0717099999999995,44.816,1.67955,189.868,62.2618,100.0,14.6604,34.3407,688.748,26.206999999999997,-21.4801,93.6014,55.2,-261.703,242.297,898.997,217.707,369.305,8.9,0.9265610000000001,10.6988,288.488
1441253400,2015,9,3,6,10,100.0,-48.3,970.07,1662.44,16.4565,9.21683,1232.3,0.0,88.4529,419.79900000000004,72.3438,-12.2421,-110.26299999999999,1.9453200000000002,199.71400000000003,87.3964,0.995028,43.5277,65.4414,86.4996,91.6524,1.985,31.4155,87.3781,177.96900000000002,36.3265,-6.1691199999999995,43.2962,0.851298,190.125,61.6989,100.0,12.276,32.7817,677.957,21.5609,-13.2899,92.0258,49.8,-221.297,218.0,1230.14,46.4863,185.842,7.3,0.963619,14.4,865.725
1441254000,2015,9,3,6,20,100.0,-71.7,766.893,1589.55,15.7202,8.27633,966.3810000000001,0.0,88.5337,354.465,72.2667,-12.1139,-110.99600000000001,2.44492,194.074,86.1374,0.9906870000000001,43.5589,64.7021,85.242,91.7898,2.48117,31.1425,86.1271,173.745,34.8136,-1.99699,41.8247,1.3003200000000001,190.03,62.1038,100.0,12.2077,31.5204,682.2360000000001,23.1555,-12.779000000000002,92.1033,72.5,-284.813,295.508,963.375,112.075,164.34900000000002,8.9,0.956254,12.0994,493.5
1441308000,2015,9,3,21,20,100.0,-38.2,1110.48,1675.19,16.5873,9.66583,1442.87,0.0,86.1447,471.414,72.0015,-12.4978,-91.9582,1.7707,199.649,88.7952,0.997173,45.0573,66.0823,87.9316,89.0334,1.7891700000000001,33.4214,88.9196,178.18,41.4792,-6.03559,48.2364,0.742024,190.085,61.5879,100.0,14.554,37.5686,677.567,25.6792,-13.5603,89.509,38.7,-213.71900000000002,220.71900000000002,1454.05,25.5646,131.644,5.8,0.964557,14.8988,935.813
1441308600,2015,9,3,21,30,100.0,-32.1,1034.7,1674.21,16.555,9.26833,1308.6,0.0,87.0465,445.76300000000003,72.4605,-11.1697,-90.1542,1.7483400000000002,199.79,88.9434,0.997023,45.0938,65.8835,88.0654,89.9622,1.7691700000000001,33.3358,89.0303,177.96900000000002,39.6452,-0.0285375,46.5905,0.6808350000000001,189.696,62.1635,100.0,14.3529,36.0714,677.9110000000001,25.3481,-11.7899,90.4494,31.6,-186.813,181.813,1319.85,25.0044,186.511,5.0,0.988175,15.0,885.675
1441309200,2015,9,3,21,40,100.0,-36.8,996.1239999999999,1669.8,16.5385,9.14383,1289.44,0.0,87.8748,432.67,72.6943,-12.470999999999998,-97.2807,1.9608700000000001,199.771,89.8571,0.996258,45.1428,65.7614,88.971,90.7972,1.97783,33.1911,89.9392,177.96900000000002,39.7396,-2.06861,46.5982,0.76923,190.051,62.5938,100.0,14.1576,36.0825,680.4889999999999,25.0405,-13.2201,91.3649,37.1,-192.0,198.0,1321.69,28.1435,196.896,8.8,0.9841489999999999,14.8988,834.6189999999999
1441309800,2015,9,3,21,50,100.0,-34.8,837.696,1636.25,16.1865,8.5775,1054.68,0.0,88.3191,381.089,72.7488,-11.8164,-93.2189,1.94209,199.636,88.814,0.994828,45.1838,65.382,87.9317,91.3062,1.9715,33.0102,88.875,177.96900000000002,37.5662,-2.90467,44.6775,0.855607,189.91400000000002,61.6498,100.0,13.9301,34.2422,682.437,24.933000000000003,-12.4441,91.7964,34.4,-178.21900000000002,174.313,1083.21,76.7427,189.287,6.0,0.964037,13.6988,615.038
1441310400,2015,9,3,22,0,100.0,-53.3,1041.21,1652.25,16.3608,9.439169999999999,1333.94,0.0,88.6761,452.346,72.3923,-12.1528,-85.2672,2.31094,199.74099999999999,88.9514,0.996707,45.0125,65.4718,88.0531,91.6566,2.3475,32.8165,89.0138,177.96900000000002,37.8114,-2.3734900000000003,44.4934,1.19601,189.169,63.4233,100.0,13.7067,34.2088,682.315,24.7915,-12.7474,92.1948,53.3,-246.297,257.0,1354.96,53.2742,332.87800000000004,8.3,0.977018,14.4994,785.4
1441311000,2015,9,3,22,10,100.0,-35.1,971.7539999999999,1665.16,16.4803,9.04683,1255.54,0.0,89.4917,427.07,72.5331,-12.6951,-93.2917,1.9142599999999999,199.794,90.6622,0.996123,44.9487,65.6544,89.7679,92.5539,1.93567,32.696999999999996,90.7848,177.96900000000002,39.5983,1.6100299999999999,46.496,0.91156,189.577,62.2016,100.0,13.5371,35.8608,683.14,24.0345,-13.3737,93.1975,35.2,-197.391,200.09400000000002,1236.64,35.4008,274.556,4.9,0.982943,14.5988,828.319
1441311600,2015,9,3,22,20,100.0,-42.9,811.738,1625.88,16.093,8.60517,1026.41,0.0,89.6201,371.38699999999994,72.5357,-11.376,-95.5235,2.06115,199.83700000000002,88.4993,0.994432,45.0356,65.2777,87.6075,92.7287,2.09317,32.5461,88.5806,177.96900000000002,36.2412,-2.3693299999999997,43.257,0.977693,190.021,62.0838,100.0,13.3456,32.9643,682.645,24.2199,-11.9108,93.2517,43.6,-220.91400000000002,202.00799999999998,1004.13,68.3664,170.274,6.6,0.9621350000000001,13.8994,738.413
1441398000,2015,9,4,22,20,100.0,-56.5,1191.71,1680.57,16.6429,9.922,1571.01,0.0,84.6232,506.07599999999996,73.0582,-13.1782,-93.0051,2.30412,199.722,94.5128,0.9975569999999999,46.1953,66.0077,93.5884,87.1647,2.3308299999999997,33.3407,94.6302,177.96900000000002,40.9126,-3.37035,47.5425,0.9809110000000001,189.972,61.2545,100.0,13.4437,36.7791,689.8380000000001,24.133000000000003,-13.6829,87.7911,59.9,-274.32,258.82,1573.82,9.13048,219.878,7.4,0.9630920000000001,16.0988,1246.09
1441398600,2015,9,4,22,30,100.0,-66.6,1186.38,1678.26,16.6208,9.95083,1561.04,0.0,86.1587,503.76599999999996,73.91199999999999,-13.6143,-105.117,2.22227,199.75799999999998,97.0492,0.996928,46.208999999999996,66.0495,96.1411,88.7456,2.2523299999999997,33.3008,97.1985,177.96900000000002,42.2407,-1.7980900000000002,48.9799,0.9461629999999999,189.88,61.3468,100.0,13.1802,38.018,692.549,23.9494,-14.0016,89.5563,63.4,-279.305,285.203,1579.99,16.9113,236.678,8.0,0.975917,15.4988,1081.76
1441399200,2015,9,4,22,40,100.0,-49.7,1126.36,1678.77,16.6038,9.7295,1461.06,0.0,87.2179,483.224,74.6111,-12.0349,-102.47399999999999,1.98235,199.718,96.6439,0.9968,46.2969,65.7731,95.7188,89.8418,2.00383,33.2723,96.7157,177.96900000000002,39.9014,-2.8787599999999998,46.946999999999996,0.900999,189.842,62.7844,100.0,12.952,36.0867,693.034,24.1714,-11.9997,90.6574,50.0,-250.0,239.602,1436.27,12.5811,224.477,6.6,0.957282,15.7988,1048.69
1441399800,2015,9,4,22,50,100.0,-43.2,1113.52,1677.98,16.6108,9.72317,1472.06,0.0,88.2631,476.495,74.8419,-13.4475,-101.584,1.9848599999999998,194.261,97.6541,0.996893,46.3367,65.944,96.7451,90.8825,2.00767,33.1716,97.7591,177.96900000000002,40.3118,-4.730180000000001,47.1367,0.794333,189.77900000000002,62.5513,100.0,12.8236,36.2961,688.75,23.395,-13.7956,91.8227,42.6,-228.391,240.391,1472.95,14.275,171.361,7.5,0.958298,15.3994,1044.49
1441400400,2015,9,4,23,0,100.0,-42.6,854.505,1644.71,16.2665,8.70683,1100.13,0.0,88.7642,389.46,74.8756,-12.1408,-99.1354,1.96262,199.53,95.6754,0.9946870000000001,46.4081,65.5201,94.7929,91.4474,2.0035,33.0165,95.7467,177.96900000000002,37.4869,2.55551,44.6208,0.800086,190.21599999999998,61.9929,100.0,12.6921,34.0057,688.13,23.5991,-12.462,92.2918,42.8,-217.49200000000002,219.28900000000002,1106.18,73.6466,198.7,7.6,0.9816940000000001,13.2994,641.288
1441401000,2015,9,4,23,10,100.0,-48.0,738.0139999999999,1588.53,15.7219,8.15667,929.582,0.0,88.7906,351.306,74.5563,-11.6483,-99.6416,2.10012,199.755,93.0898,0.9921770000000001,46.3531,64.9156,92.2279,91.516,2.13283,32.8686,93.1688,177.96900000000002,35.1712,-2.14643,42.2609,0.9125479999999999,189.093,63.302,100.0,12.5559,31.9496,688.2260000000001,24.1547,-11.7148,92.2447,48.1,-224.891,218.59400000000002,924.8530000000001,105.149,164.671,6.8,0.973907,12.7988,529.069
1441401600,2015,9,4,23,20,100.0,-27.8,672.835,1553.08,15.3774,7.792000000000001,806.02,0.0,88.3466,327.498,73.1727,-11.6233,-104.805,2.00609,199.77700000000002,90.0217,0.9905379999999999,46.0674,64.1487,89.2317,91.1097,2.05,32.7078,90.1741,177.96900000000002,33.3038,2.8056400000000004,40.2674,0.562729,189.358,63.3098,100.0,12.4067,30.2834,688.852,24.6992,-11.5734,91.72399999999999,30.7,-170.398,180.398,776.541,81.4069,108.65299999999999,4.6,0.95841,13.2,638.4
1454775000,2016,2,6,17,10,100.0,-124.9,1517.39,1679.42,16.6093,13.0358,1980.45,0.0,86.3353,637.645,75.324,-20.9289,13.5011,8.39173,192.451,98.2033,0.999007,73.705,66.3439,96.9793,96.2098,8.45883,33.5758,97.7528,177.967,43.9745,-2.18865,50.1369,1.6521,190.093,62.3797,100.0,9.0974,38.4309,689.9010000000001,17.1721,-26.0819,90.2947,118.8,-536.516,555.82,1998.61,19.6594,73.8867,16.4,0.9309280000000001,15.9,1805.34
1454775600,2016,2,6,17,20,100.0,-134.1,1315.24,1680.56,16.6392,11.3053,1699.57,0.0,87.8728,567.465,75.3856,-20.5428,15.4041,5.84206,199.505,96.3275,0.9990030000000001,71.3345,65.77600000000001,95.0788,98.8949,5.89267,33.7023,95.8335,177.96900000000002,41.4507,-1.50548,48.0575,1.4711299999999998,189.642,61.8457,100.0,8.94541,36.4583,688.081,16.8061,-26.0059,91.8562,135.7,-528.805,516.0,1728.1,17.9091,243.82,13.5,0.9716319999999999,16.0988,1201.86
